combo,filename,label,esp_only,window_index,start_offset_sec,n_packets,n_bytes,pkts_per_sec,bytes_per_sec,mean_size,std_size,min_size,max_size,median_size,mean_inter_arrival,std_inter_arrival,max_inter_arrival,fwd_packet_ratio,fwd_byte_ratio
aes128-dh14-transport-pfs-off,aes128-dh14-transport-pfs-off__file_transfer_run1.pcap,file_transfer,True,0,0.0,8520,11359952,8520.0,11359952.0,1333.3276995305164,438.4929688178069,108,1500,1500.0,7.268425052274294e-05,0.0011627665654269513,0.060511112213134766,0.8994131455399061,0.9913876396660831
aes128-dh14-transport-pfs-off,aes128-dh14-transport-pfs-off__icmp_run1.pcap,icmp,True,0,0.0,2,280,2.0,280.0,140.0,0.0,140,140,140.0,0.0005199909210205078,0.0,0.0005199909210205078,0.5,0.5
aes128-dh14-transport-pfs-off,aes128-dh14-transport-pfs-off__icmp_run1.pcap,icmp,True,1,1.0,2,280,2.0,280.0,140.0,0.0,140,140,140.0,0.00029921531677246094,0.0,0.00029921531677246094,0.5,0.5
aes128-dh14-transport-pfs-off,aes128-dh14-transport-pfs-off__icmp_run1.pcap,icmp,True,2,2.0,2,280,2.0,280.0,140.0,0.0,140,140,140.0,0.00013899803161621094,0.0,0.00013899803161621094,0.5,0.5
aes128-dh14-transport-pfs-off,aes128-dh14-transport-pfs-off__icmp_run1.pcap,icmp,True,3,3.0,2,280,2.0,280.0,140.0,0.0,140,140,140.0,0.00010895729064941406,0.0,0.00010895729064941406,0.5,0.5
aes128-dh14-transport-pfs-off,aes128-dh14-transport-pfs-off__icmp_run1.pcap,icmp,True,4,4.0,2,280,2.0,280.0,140.0,0.0,140,140,140.0,0.00010204315185546875,0.0,0.00010204315185546875,0.5,0.5
aes128-dh14-transport-pfs-off,aes128-dh14-transport-pfs-off__icmp_run1.pcap,icmp,True,5,5.0,2,280,2.0,280.0,140.0,0.0,140,140,140.0,0.00011801719665527344,0.0,0.00011801719665527344,0.5,0.5
aes128-dh14-transport-pfs-off,aes128-dh14-transport-pfs-off__icmp_run1.pcap,icmp,True,6,6.0,2,280,2.0,280.0,140.0,0.0,140,140,140.0,0.00016689300537109375,0.0,0.00016689300537109375,0.5,0.5
aes128-dh14-transport-pfs-off,aes128-dh14-transport-pfs-off__icmp_run1.pcap,icmp,True,7,7.0,2,280,2.0,280.0,140.0,0.0,140,140,140.0,0.00016689300537109375,0.0,0.00016689300537109375,0.5,0.5
aes128-dh14-transport-pfs-off,aes128-dh14-transport-pfs-off__icmp_run1.pcap,icmp,True,8,8.0,2,280,2.0,280.0,140.0,0.0,140,140,140.0,0.000164031982421875,0.0,0.000164031982421875,0.5,0.5
aes128-dh14-transport-pfs-off,aes128-dh14-transport-pfs-off__icmp_run1.pcap,icmp,True,9,9.0,2,280,2.0,280.0,140.0,0.0,140,140,140.0,0.0001480579376220703,0.0,0.0001480579376220703,0.5,0.5
aes128-dh14-transport-pfs-off,aes128-dh14-transport-pfs-off__video_run1.pcap,video_streaming,True,0,0.0,299,256996,299.0,256996.0,859.5183946488295,690.0352161250295,108,1500,1500.0,0.0031522552439030385,0.030869770618810067,0.3089179992675781,0.4180602006688963,0.05445999159519992
aes128-dh14-transport-pfs-off,aes128-dh14-transport-pfs-off__video_run1.pcap,video_streaming,True,1,1.0,244,204080,244.0,204080.0,836.3934426229508,691.6316077073611,108,1500,1500.0,0.0025785803304287634,0.028029667467831552,0.31003904342651367,0.4385245901639344,0.05913367306938456
aes128-dh14-transport-pfs-off,aes128-dh14-transport-pfs-off__video_run1.pcap,video_streaming,True,2,2.0,152,121840,152.0,121840.0,801.578947368421,692.5774351361815,108,1500,700.0,0.004157404236446153,0.03552668161183711,0.31039905548095703,0.4407894736842105,0.062147078135259354
aes128-dh14-transport-pfs-off,aes128-dh14-transport-pfs-off__voip_run1.pcap,voip,True,0,0.0,30,13720,30.0,13720.0,457.3333333333333,80.50415852755611,380,588,428.0,0.01407106169338884,0.032352571055553885,0.09595394134521484,0.5,0.5262390670553936
aes128-dh14-transport-pfs-off,aes128-dh14-transport-pfs-off__web_run1.pcap,web_browsing,True,0,0.0,20,3984,20.0,3984.0,199.2,259.55946484278644,108,956,108.0,0.03439479125173468,0.14683417705073373,0.6406810283660889,0.6,0.357429718875502
aes128-dh14-transport-pfs-off,aes128-dh14-transport-pfs-off__web_run1.pcap,web_browsing,True,1,1.0,20,3984,20.0,3984.0,199.2,259.55946484278644,108,956,108.0,0.04506620607878033,0.19533333585827295,0.8516910076141357,0.6,0.357429718875502
aes128-dh14-transport-pfs-off,aes128-dh14-transport-pfs-off__web_run1.pcap,web_browsing,True,2,2.0,10,1992,10.0,1992.0,199.2,266.6719999466677,108,956,108.0,0.0002884599897596571,0.0004562762840041869,0.0014929771423339844,0.6,0.357429718875502
aes128-dh14-transport-pfs-off,aes128-dh14-transport-pfs-off__web_run1.pcap,web_browsing,True,3,3.0,20,3984,20.0,3984.0,199.2,259.55946484278644,108,956,108.0,0.02820009934274774,0.12199789205541843,0.5319869518280029,0.6,0.357429718875502
aes128-dh14-transport-pfs-off,aes128-dh14-transport-pfs-off__web_run1.pcap,web_browsing,True,4,4.0,10,1992,10.0,1992.0,199.2,266.6719999466677,108,956,108.0,0.0002493328518337674,0.0004277778603005057,0.0013761520385742188,0.6,0.357429718875502
aes128-dh14-transport-pfs-off,aes128-dh14-transport-pfs-off__web_run1.pcap,web_browsing,True,5,5.0,20,3984,20.0,3984.0,199.2,259.55946484278644,108,956,108.0,0.026306365665636565,0.11369157372376927,0.4957921504974365,0.6,0.357429718875502
aes128-dh14-transport-pfs-off,aes128-dh14-transport-pfs-off__web_run1.pcap,web_browsing,True,6,6.0,20,3984,20.0,3984.0,199.2,259.55946484278644,108,956,108.0,0.04599921326888235,0.19922912162327622,0.868710994720459,0.6,0.357429718875502
aes128-dh14-transport-pfs-off,aes128-dh14-transport-pfs-off__web_run1.pcap,web_browsing,True,7,7.0,20,3984,20.0,3984.0,199.2,259.55946484278644,108,956,108.0,0.02448379366021407,0.10553691562926948,0.4602940082550049,0.6,0.357429718875502
aes128-dh14-transport-pfs-off,aes128-dh14-transport-pfs-off__web_run1.pcap,web_browsing,True,8,8.0,20,3984,20.0,3984.0,199.2,259.55946484278644,108,956,108.0,0.023283832951595907,0.100592999602164,0.4386789798736572,0.6,0.357429718875502
aes128-dh14-transport-pfs-off,aes128-dh14-transport-pfs-off__web_run1.pcap,web_browsing,True,9,9.0,10,1992,10.0,1992.0,199.2,266.6719999466677,108,956,108.0,0.00015155474344889322,9.10467923928997e-05,0.0002930164337158203,0.6,0.357429718875502
aes128-dh14-transport-pfs-off,aes128-dh14-transport-pfs-off__web_run1.pcap,web_browsing,True,10,10.0,10,1992,10.0,1992.0,199.2,266.6719999466677,108,956,108.0,0.0002193450927734375,0.00033768528465492344,0.0011060237884521484,0.6,0.357429718875502
aes128-dh14-transport-pfs-off,aes128-dh14-transport-pfs-off__web_run1.pcap,web_browsing,True,11,11.0,20,3984,20.0,3984.0,199.2,259.55946484278644,108,956,108.0,0.04051763132998818,0.17570100006724573,0.7660708427429199,0.6,0.357429718875502
aes128-dh14-transport-pfs-off,aes128-dh14-transport-pfs-off__web_run1.pcap,web_browsing,True,12,12.0,10,1992,10.0,1992.0,199.2,266.6719999466677,108,956,108.0,0.0002152125040690104,0.000367970538106278,0.0011858940124511719,0.6,0.357429718875502
aes128-dh14-transport-pfs-off,aes128-dh14-transport-pfs-off__web_run1.pcap,web_browsing,True,13,13.0,10,1992,10.0,1992.0,199.2,266.6719999466677,108,956,108.0,0.00024501482645670575,0.00038414701087967514,0.0012578964233398438,0.6,0.357429718875502
aes128-dh14-transport-pfs-off,aes128-dh14-transport-pfs-off__web_run1.pcap,web_browsing,True,14,14.0,10,1992,10.0,1992.0,199.2,266.6719999466677,108,956,108.0,0.00025089581807454425,0.00036744377667159825,0.0012099742889404297,0.6,0.357429718875502
aes128-dh14-transport-pfs-off,aes128-dh14-transport-pfs-off__web_run1.pcap,web_browsing,True,15,15.0,20,3984,20.0,3984.0,199.2,259.55946484278644,108,956,108.0,0.017829794632761103,0.07683344325946592,0.3351099491119385,0.6,0.357429718875502
aes128-dh14-transport-pfs-off,aes128-dh14-transport-pfs-off__web_run1.pcap,web_browsing,True,16,16.0,20,3984,20.0,3984.0,199.2,259.55946484278644,108,956,108.0,0.02161256890547903,0.09325368255079661,0.40669989585876465,0.6,0.357429718875502
aes128-dh14-transport-pfs-off,aes128-dh14-transport-pfs-off__web_run1.pcap,web_browsing,True,17,17.0,20,3984,20.0,3984.0,199.2,259.55946484278644,108,956,108.0,0.017303993827418276,0.07461691221006583,0.32543110847473145,0.6,0.357429718875502
aes128-dh14-transport-pfs-off,aes128-dh14-transport-pfs-off__web_run1.pcap,web_browsing,True,18,18.0,10,1992,10.0,1992.0,199.2,266.6719999466677,108,956,108.0,0.00019979476928710938,0.00030920718222692553,0.0010139942169189453,0.6,0.357429718875502
aes128-dh14-transport-pfs-on,aes128-dh14-transport-pfs-on__file_transfer_run1.pcap,file_transfer,True,0,0.0,8680,11408192,8680.0,11408192.0,1314.3078341013825,460.29618320413954,108,1500,1500.0,6.464500418455456e-05,0.0011105671884892847,0.06342601776123047,0.8861751152073732,0.9901544434034771
aes128-dh14-transport-pfs-on,aes128-dh14-transport-pfs-on__icmp_run1.pcap,icmp,True,0,0.0,2,280,2.0,280.0,140.0,0.0,140,140,140.0,0.0004911422729492188,0.0,0.0004911422729492188,0.5,0.5
aes128-dh14-transport-pfs-on,aes128-dh14-transport-pfs-on__icmp_run1.pcap,icmp,True,1,1.0,2,280,2.0,280.0,140.0,0.0,140,140,140.0,0.0009961128234863281,0.0,0.0009961128234863281,0.5,0.5
aes128-dh14-transport-pfs-on,aes128-dh14-transport-pfs-on__icmp_run1.pcap,icmp,True,2,2.0,2,280,2.0,280.0,140.0,0.0,140,140,140.0,0.00010204315185546875,0.0,0.00010204315185546875,0.5,0.5
aes128-dh14-transport-pfs-on,aes128-dh14-transport-pfs-on__icmp_run1.pcap,icmp,True,3,3.0,2,280,2.0,280.0,140.0,0.0,140,140,140.0,0.0001239776611328125,0.0,0.0001239776611328125,0.5,0.5
aes128-dh14-transport-pfs-on,aes128-dh14-transport-pfs-on__icmp_run1.pcap,icmp,True,4,4.0,2,280,2.0,280.0,140.0,0.0,140,140,140.0,0.00013113021850585938,0.0,0.00013113021850585938,0.5,0.5
aes128-dh14-transport-pfs-on,aes128-dh14-transport-pfs-on__icmp_run1.pcap,icmp,True,5,5.0,2,280,2.0,280.0,140.0,0.0,140,140,140.0,0.0001010894775390625,0.0,0.0001010894775390625,0.5,0.5
aes128-dh14-transport-pfs-on,aes128-dh14-transport-pfs-on__icmp_run1.pcap,icmp,True,6,6.0,2,280,2.0,280.0,140.0,0.0,140,140,140.0,0.00010800361633300781,0.0,0.00010800361633300781,0.5,0.5
aes128-dh14-transport-pfs-on,aes128-dh14-transport-pfs-on__icmp_run1.pcap,icmp,True,7,7.0,2,280,2.0,280.0,140.0,0.0,140,140,140.0,0.00013709068298339844,0.0,0.00013709068298339844,0.5,0.5
aes128-dh14-transport-pfs-on,aes128-dh14-transport-pfs-on__icmp_run1.pcap,icmp,True,8,8.0,2,280,2.0,280.0,140.0,0.0,140,140,140.0,0.00010895729064941406,0.0,0.00010895729064941406,0.5,0.5
aes128-dh14-transport-pfs-on,aes128-dh14-transport-pfs-on__icmp_run1.pcap,icmp,True,9,9.0,2,280,2.0,280.0,140.0,0.0,140,140,140.0,9.608268737792969e-05,0.0,9.608268737792969e-05,0.5,0.5
aes128-dh14-transport-pfs-on,aes128-dh14-transport-pfs-on__video_run1.pcap,video_streaming,True,0,0.0,363,298452,363.0,298452.0,822.1818181818181,691.8335954237161,108,1500,1500.0,0.0025846464199255842,0.02794416635085618,0.30873799324035645,0.45179063360881544,0.0612225751544637
aes128-dh14-transport-pfs-on,aes128-dh14-transport-pfs-on__video_run1.pcap,video_streaming,True,1,1.0,249,224012,249.0,224012.0,899.6465863453815,686.1897629112424,108,1500,1500.0,0.0025247662298140986,0.02770667729676971,0.30926084518432617,0.39357429718875503,0.04910451225827188
aes128-dh14-transport-pfs-on,aes128-dh14-transport-pfs-on__video_run1.pcap,video_streaming,True,2,2.0,163,131380,163.0,131380.0,806.0122699386503,692.8113953148785,108,1500,1180.0,0.003857066601882746,0.034189977523667925,0.3093719482421875,0.44171779141104295,0.06174455777135028
aes128-dh14-transport-pfs-on,aes128-dh14-transport-pfs-on__voip_run1.pcap,voip,True,0,0.0,30,13960,30.0,13960.0,465.3333333333333,81.72845422424835,380,588,444.0,0.014076142475522798,0.032686854577688426,0.09552407264709473,0.5,0.5286532951289399
aes128-dh14-transport-pfs-on,aes128-dh14-transport-pfs-on__web_run1.pcap,web_browsing,True,0,0.0,20,3984,20.0,3984.0,199.2,259.55946484278644,108,956,108.0,0.020296837154187654,0.0871544569038886,0.3801920413970947,0.6,0.357429718875502
aes128-dh14-transport-pfs-on,aes128-dh14-transport-pfs-on__web_run1.pcap,web_browsing,True,1,1.0,20,3984,20.0,3984.0,199.2,259.55946484278644,108,956,108.0,0.048464210409867134,0.21037179338641904,0.9171900749206543,0.6,0.357429718875502
aes128-dh14-transport-pfs-on,aes128-dh14-transport-pfs-on__web_run1.pcap,web_browsing,True,2,2.0,10,1992,10.0,1992.0,199.2,266.6719999466677,108,956,108.0,0.00024901496039496525,0.0003913626108552196,0.0012509822845458984,0.6,0.357429718875502
aes128-dh14-transport-pfs-on,aes128-dh14-transport-pfs-on__web_run1.pcap,web_browsing,True,3,3.0,10,1992,10.0,1992.0,199.2,266.6719999466677,108,956,108.0,0.00014665391710069444,0.00022680886885783914,0.0007410049438476562,0.6,0.357429718875502
aes128-dh14-transport-pfs-on,aes128-dh14-transport-pfs-on__web_run1.pcap,web_browsing,True,4,4.0,20,3984,20.0,3984.0,199.2,259.55946484278644,108,956,108.0,0.039271844060797444,0.17040386073253994,0.7429509162902832,0.6,0.357429718875502
aes128-dh14-transport-pfs-on,aes128-dh14-transport-pfs-on__web_run1.pcap,web_browsing,True,5,5.0,10,1992,10.0,1992.0,199.2,266.6719999466677,108,956,108.0,0.00027820799085828994,0.000460166332332993,0.0014939308166503906,0.6,0.357429718875502
aes128-dh14-transport-pfs-on,aes128-dh14-transport-pfs-on__web_run1.pcap,web_browsing,True,6,6.0,20,3984,20.0,3984.0,199.2,259.55946484278644,108,956,108.0,0.01910599909330669,0.08223211616177621,0.35867905616760254,0.6,0.357429718875502
aes128-dh14-transport-pfs-on,aes128-dh14-transport-pfs-on__web_run1.pcap,web_browsing,True,7,7.0,20,3984,20.0,3984.0,199.2,259.55946484278644,108,956,108.0,0.028651576293142217,0.1239799696357726,0.5406231880187988,0.6,0.357429718875502
aes128-dh14-transport-pfs-on,aes128-dh14-transport-pfs-on__web_run1.pcap,web_browsing,True,8,8.0,10,1992,10.0,1992.0,199.2,266.6719999466677,108,956,108.0,0.00017121103074815538,0.0002798848658912047,0.0009059906005859375,0.6,0.357429718875502
aes128-dh14-transport-pfs-on,aes128-dh14-transport-pfs-on__web_run1.pcap,web_browsing,True,9,9.0,10,1992,10.0,1992.0,199.2,266.6719999466677,108,956,108.0,0.0002128813001844618,0.00036660233870132534,0.0011780261993408203,0.6,0.357429718875502
aes128-dh14-transport-pfs-on,aes128-dh14-transport-pfs-on__web_run1.pcap,web_browsing,True,10,10.0,10,1992,10.0,1992.0,199.2,266.6719999466677,108,956,108.0,0.0001109970940483941,4.8416748550883034e-05,0.00018095970153808594,0.6,0.357429718875502
aes128-dh14-transport-pfs-on,aes128-dh14-transport-pfs-on__web_run1.pcap,web_browsing,True,11,11.0,10,1992,10.0,1992.0,199.2,266.6719999466677,108,956,108.0,8.365843031141494e-05,4.0587821167017464e-05,0.0001690387725830078,0.6,0.357429718875502
aes128-dh14-transport-pfs-on,aes128-dh14-transport-pfs-on__web_run1.pcap,web_browsing,True,12,12.0,20,3984,20.0,3984.0,199.2,259.55946484278644,108,956,108.0,0.04124136974937037,0.17885642770949697,0.77982497215271,0.6,0.357429718875502
aes128-dh14-transport-pfs-on,aes128-dh14-transport-pfs-on__web_run1.pcap,web_browsing,True,13,13.0,10,1992,10.0,1992.0,199.2,266.6719999466677,108,956,108.0,0.0002868970235188802,0.0004212290061145059,0.001088857650756836,0.6,0.357429718875502
aes128-dh14-transport-pfs-on,aes128-dh14-transport-pfs-on__web_run1.pcap,web_browsing,True,14,14.0,20,3984,20.0,3984.0,199.2,259.55946484278644,108,956,108.0,0.024512943468595807,0.10590416910623975,0.4618401527404785,0.6,0.357429718875502
aes128-dh14-transport-pfs-on,aes128-dh14-transport-pfs-on__web_run1.pcap,web_browsing,True,15,15.0,10,1992,10.0,1992.0,199.2,266.6719999466677,108,956,108.0,0.00020199351840549044,0.00032952951219163113,0.0010750293731689453,0.6,0.357429718875502
aes128-dh14-transport-pfs-on,aes128-dh14-transport-pfs-on__web_run1.pcap,web_browsing,True,16,16.0,10,1992,10.0,1992.0,199.2,266.6719999466677,108,956,108.0,0.00024965074327256944,0.0004148944748987633,0.0013420581817626953,0.6,0.357429718875502
aes128-dh14-transport-pfs-on,aes128-dh14-transport-pfs-on__web_run1.pcap,web_browsing,True,17,17.0,20,3984,20.0,3984.0,199.2,259.55946484278644,108,956,108.0,0.04248194945485968,0.1843124095372199,0.803596019744873,0.6,0.357429718875502
aes128-dh14-transport-pfs-on,aes128-dh14-transport-pfs-on__web_run1.pcap,web_browsing,True,18,18.0,20,3984,20.0,3984.0,199.2,259.55946484278644,108,956,108.0,0.016943730806049547,0.07272827667410897,0.31726908683776855,0.6,0.357429718875502
aes128-dh14-transport-pfs-on,aes128-dh14-transport-pfs-on__web_run1.pcap,web_browsing,True,19,19.0,10,1992,10.0,1992.0,199.2,266.6719999466677,108,956,108.0,0.000285996331108941,0.0004887318620262274,0.0015799999237060547,0.6,0.357429718875502
aes128-dh14-transport-pfs-on,aes128-dh14-transport-pfs-on__web_run1.pcap,web_browsing,True,20,20.0,10,1992,10.0,1992.0,199.2,266.6719999466677,108,956,108.0,0.0002712408701578776,0.00037567757437195136,0.0012500286102294922,0.6,0.357429718875502
aes128-dh14-tunnel-pfs-off,aes128-dh14-tunnel-pfs-off__file_transfer_run1.pcap,file_transfer,True,0,0.0,10950,11798040,10950.0,11798040.0,1077.4465753424658,625.4283049561266,124,1500,1500.0,5.14981300060646e-05,0.0007336505196601485,0.04357099533081055,0.7032876712328767,0.9653749266827372
aes128-dh14-tunnel-pfs-off,aes128-dh14-tunnel-pfs-off__icmp_run1.pcap,icmp,True,0,0.0,2,312,2.0,312.0,156.0,0.0,156,156,156.0,0.0003008842468261719,0.0,0.0003008842468261719,0.5,0.5
aes128-dh14-tunnel-pfs-off,aes128-dh14-tunnel-pfs-off__icmp_run1.pcap,icmp,True,1,1.0,2,312,2.0,312.0,156.0,0.0,156,156,156.0,8.392333984375e-05,0.0,8.392333984375e-05,0.5,0.5
aes128-dh14-tunnel-pfs-off,aes128-dh14-tunnel-pfs-off__icmp_run1.pcap,icmp,True,2,2.0,2,312,2.0,312.0,156.0,0.0,156,156,156.0,6.008148193359375e-05,0.0,6.008148193359375e-05,0.5,0.5
aes128-dh14-tunnel-pfs-off,aes128-dh14-tunnel-pfs-off__icmp_run1.pcap,icmp,True,3,3.0,2,312,2.0,312.0,156.0,0.0,156,156,156.0,7.700920104980469e-05,0.0,7.700920104980469e-05,0.5,0.5
aes128-dh14-tunnel-pfs-off,aes128-dh14-tunnel-pfs-off__icmp_run1.pcap,icmp,True,4,4.0,2,312,2.0,312.0,156.0,0.0,156,156,156.0,0.00013589859008789062,0.0,0.00013589859008789062,0.5,0.5
aes128-dh14-tunnel-pfs-off,aes128-dh14-tunnel-pfs-off__icmp_run1.pcap,icmp,True,5,5.0,2,312,2.0,312.0,156.0,0.0,156,156,156.0,0.0007100105285644531,0.0,0.0007100105285644531,0.5,0.5
aes128-dh14-tunnel-pfs-off,aes128-dh14-tunnel-pfs-off__icmp_run1.pcap,icmp,True,6,6.0,2,312,2.0,312.0,156.0,0.0,156,156,156.0,7.700920104980469e-05,0.0,7.700920104980469e-05,0.5,0.5
aes128-dh14-tunnel-pfs-off,aes128-dh14-tunnel-pfs-off__icmp_run1.pcap,icmp,True,7,7.0,2,312,2.0,312.0,156.0,0.0,156,156,156.0,7.891654968261719e-05,0.0,7.891654968261719e-05,0.5,0.5
aes128-dh14-tunnel-pfs-off,aes128-dh14-tunnel-pfs-off__icmp_run1.pcap,icmp,True,8,8.0,2,312,2.0,312.0,156.0,0.0,156,156,156.0,7.796287536621094e-05,0.0,7.796287536621094e-05,0.5,0.5
aes128-dh14-tunnel-pfs-off,aes128-dh14-tunnel-pfs-off__icmp_run1.pcap,icmp,True,9,9.0,2,312,2.0,312.0,156.0,0.0,156,156,156.0,7.987022399902344e-05,0.0,7.987022399902344e-05,0.5,0.5
aes128-dh14-tunnel-pfs-off,aes128-dh14-tunnel-pfs-off__video_run1.pcap,video_streaming,True,0,0.0,304,237824,304.0,237824.0,782.3157894736842,683.4650642185711,124,1500,180.0,0.0031101687906598886,0.030619819705384185,0.3092360496520996,0.47368421052631576,0.07696447793326157
aes128-dh14-tunnel-pfs-off,aes128-dh14-tunnel-pfs-off__video_run1.pcap,video_streaming,True,1,1.0,222,177624,222.0,177624.0,800.1081081081081,684.2887293992426,124,1500,372.0,0.002856135907755718,0.029393264276444477,0.309812068939209,0.4594594594594595,0.07309822996892312
aes128-dh14-tunnel-pfs-off,aes128-dh14-tunnel-pfs-off__video_run1.pcap,video_streaming,True,2,2.0,171,126884,171.0,126884.0,742.0116959064327,681.3379742510458,124,1500,124.0,0.003683158930610208,0.03334151354411968,0.30837297439575195,0.4853801169590643,0.08376154597900444
aes128-dh14-tunnel-pfs-off,aes128-dh14-tunnel-pfs-off__voip_run1.pcap,voip,True,0,0.0,30,14520,30.0,14520.0,484.0,79.02858496379213,396,604,460.0,0.014064279095879916,0.03195623600825451,0.09281396865844727,0.5,0.5247933884297521
aes128-dh14-tunnel-pfs-off,aes128-dh14-tunnel-pfs-off__web_run1.pcap,web_browsing,True,0,0.0,20,4336,20.0,4336.0,216.8,264.4703943236071,124,988,124.0,0.025228525462903474,0.10963298446915995,0.47795605659484863,0.6,0.3726937269372694
aes128-dh14-tunnel-pfs-off,aes128-dh14-tunnel-pfs-off__web_run1.pcap,web_browsing,True,1,1.0,10,2168,10.0,2168.0,216.8,271.7175003565284,124,988,124.0,0.0001030233171251085,6.471279818196278e-05,0.00022101402282714844,0.6,0.3726937269372694
aes128-dh14-tunnel-pfs-off,aes128-dh14-tunnel-pfs-off__web_run1.pcap,web_browsing,True,2,2.0,20,4336,20.0,4336.0,216.8,264.4703943236071,124,988,124.0,0.026803844853451376,0.11648122517331012,0.5078110694885254,0.6,0.3726937269372694
aes128-dh14-tunnel-pfs-off,aes128-dh14-tunnel-pfs-off__web_run1.pcap,web_browsing,True,3,3.0,10,2168,10.0,2168.0,216.8,271.7175003565284,124,988,124.0,8.77645280626085e-05,5.2540531753376495e-05,0.00018787384033203125,0.6,0.3726937269372694
aes128-dh14-tunnel-pfs-off,aes128-dh14-tunnel-pfs-off__web_run1.pcap,web_browsing,True,4,4.0,10,2168,10.0,2168.0,216.8,271.7175003565284,124,988,124.0,9.700987074110244e-05,6.535011984758115e-05,0.00024390220642089844,0.6,0.3726937269372694
aes128-dh14-tunnel-pfs-off,aes128-dh14-tunnel-pfs-off__web_run1.pcap,web_browsing,True,5,5.0,20,4336,20.0,4336.0,216.8,264.4703943236071,124,988,124.0,0.03739809989929199,0.1626517924830823,0.7090659141540527,0.6,0.3726937269372694
aes128-dh14-tunnel-pfs-off,aes128-dh14-tunnel-pfs-off__web_run1.pcap,web_browsing,True,6,6.0,20,4336,20.0,4336.0,216.8,264.4703943236071,124,988,124.0,0.0164710471504613,0.07138059684728028,0.3112359046936035,0.6,0.3726937269372694
aes128-dh14-tunnel-pfs-off,aes128-dh14-tunnel-pfs-off__web_run1.pcap,web_browsing,True,7,7.0,10,2168,10.0,2168.0,216.8,271.7175003565284,124,988,124.0,0.00010797712537977431,7.791496224553133e-05,0.00028204917907714844,0.6,0.3726937269372694
aes128-dh14-tunnel-pfs-off,aes128-dh14-tunnel-pfs-off__web_run1.pcap,web_browsing,True,8,8.0,10,2168,10.0,2168.0,216.8,271.7175003565284,124,988,124.0,8.654594421386719e-05,5.118022855927481e-05,0.0001628398895263672,0.6,0.3726937269372694
aes128-dh14-tunnel-pfs-off,aes128-dh14-tunnel-pfs-off__web_run1.pcap,web_browsing,True,9,9.0,20,4336,20.0,4336.0,216.8,264.4703943236071,124,988,124.0,0.03091573715209961,0.13433093908060448,0.5856330394744873,0.6,0.3726937269372694
aes128-dh14-tunnel-pfs-off,aes128-dh14-tunnel-pfs-off__web_run1.pcap,web_browsing,True,10,10.0,10,2168,10.0,2168.0,216.8,271.7175003565284,124,988,124.0,9.187062581380208e-05,7.305973534527968e-05,0.00023102760314941406,0.6,0.3726937269372694
aes128-dh14-tunnel-pfs-off,aes128-dh14-tunnel-pfs-off__web_run1.pcap,web_browsing,True,11,11.0,20,4336,20.0,4336.0,216.8,264.4703943236071,124,988,124.0,0.025080367138511257,0.10889226463020504,0.4747490882873535,0.6,0.3726937269372694
aes128-dh14-tunnel-pfs-off,aes128-dh14-tunnel-pfs-off__web_run1.pcap,web_browsing,True,12,12.0,19,4212,19.0,4212.0,221.68421052631578,270.7891866853826,124,988,124.0,0.02603944142659505,0.11010691662660667,0.46723103523254395,0.5789473684210527,0.35422602089268757
aes128-dh14-tunnel-pfs-off,aes128-dh14-tunnel-pfs-off__web_run1.pcap,web_browsing,True,13,13.0,11,2292,11.0,2292.0,208.36363636363637,259.28797609116884,124,988,124.0,0.05948231220245361,0.1878796067268149,0.5941970348358154,0.6363636363636364,0.40663176265270506
aes128-dh14-tunnel-pfs-off,aes128-dh14-tunnel-pfs-off__web_run1.pcap,web_browsing,True,14,14.0,20,4336,20.0,4336.0,216.8,264.4703943236071,124,988,124.0,0.04164552688598633,0.18115763961682838,0.7897329330444336,0.6,0.3726937269372694
aes128-dh14-tunnel-pfs-off,aes128-dh14-tunnel-pfs-off__web_run1.pcap,web_browsing,True,15,15.0,20,4336,20.0,4336.0,216.8,264.4703943236071,124,988,124.0,0.017778471896522922,0.07708483277333991,0.33609890937805176,0.6,0.3726937269372694
aes128-dh14-tunnel-pfs-off,aes128-dh14-tunnel-pfs-off__web_run1.pcap,web_browsing,True,16,16.0,10,2168,10.0,2168.0,216.8,271.7175003565284,124,988,124.0,0.00010244051615397136,5.305670551098748e-05,0.00021409988403320312,0.6,0.3726937269372694
aes128-dh14-tunnel-pfs-off,aes128-dh14-tunnel-pfs-off__web_run1.pcap,web_browsing,True,17,17.0,20,4336,20.0,4336.0,216.8,264.4703943236071,124,988,124.0,0.01784205436706543,0.0772987618959307,0.33704590797424316,0.6,0.3726937269372694
aes128-dh14-tunnel-pfs-off,aes128-dh14-tunnel-pfs-off__web_run1.pcap,web_browsing,True,18,18.0,20,4336,20.0,4336.0,216.8,264.4703943236071,124,988,124.0,0.04057699755618447,0.1764508978765259,0.7692279815673828,0.6,0.3726937269372694
aes128-dh14-tunnel-pfs-on,aes128-dh14-tunnel-pfs-on__file_transfer_run1.pcap,file_transfer,True,0,0.0,11050,11802056,11050.0,11802056.0,1068.0593665158372,628.7597401612472,124,1500,1500.0,4.4400017232806e-05,0.0007271503849549181,0.043881893157958984,0.6971040723981901,0.9643841717070314
aes128-dh14-tunnel-pfs-on,aes128-dh14-tunnel-pfs-on__icmp_run1.pcap,icmp,True,0,0.0,2,312,2.0,312.0,156.0,0.0,156,156,156.0,0.0001480579376220703,0.0,0.0001480579376220703,0.5,0.5
aes128-dh14-tunnel-pfs-on,aes128-dh14-tunnel-pfs-on__icmp_run1.pcap,icmp,True,1,1.0,2,312,2.0,312.0,156.0,0.0,156,156,156.0,9.393692016601562e-05,0.0,9.393692016601562e-05,0.5,0.5
aes128-dh14-tunnel-pfs-on,aes128-dh14-tunnel-pfs-on__icmp_run1.pcap,icmp,True,2,2.0,2,312,2.0,312.0,156.0,0.0,156,156,156.0,9.298324584960938e-05,0.0,9.298324584960938e-05,0.5,0.5
aes128-dh14-tunnel-pfs-on,aes128-dh14-tunnel-pfs-on__icmp_run1.pcap,icmp,True,3,3.0,2,312,2.0,312.0,156.0,0.0,156,156,156.0,9.679794311523438e-05,0.0,9.679794311523438e-05,0.5,0.5
aes128-dh14-tunnel-pfs-on,aes128-dh14-tunnel-pfs-on__icmp_run1.pcap,icmp,True,4,4.0,2,312,2.0,312.0,156.0,0.0,156,156,156.0,8.58306884765625e-05,0.0,8.58306884765625e-05,0.5,0.5
aes128-dh14-tunnel-pfs-on,aes128-dh14-tunnel-pfs-on__icmp_run1.pcap,icmp,True,5,5.0,2,312,2.0,312.0,156.0,0.0,156,156,156.0,9.894371032714844e-05,0.0,9.894371032714844e-05,0.5,0.5
aes128-dh14-tunnel-pfs-on,aes128-dh14-tunnel-pfs-on__icmp_run1.pcap,icmp,True,6,6.0,2,312,2.0,312.0,156.0,0.0,156,156,156.0,9.584426879882812e-05,0.0,9.584426879882812e-05,0.5,0.5
aes128-dh14-tunnel-pfs-on,aes128-dh14-tunnel-pfs-on__icmp_run1.pcap,icmp,True,7,7.0,2,312,2.0,312.0,156.0,0.0,156,156,156.0,8.893013000488281e-05,0.0,8.893013000488281e-05,0.5,0.5
aes128-dh14-tunnel-pfs-on,aes128-dh14-tunnel-pfs-on__icmp_run1.pcap,icmp,True,8,8.0,2,312,2.0,312.0,156.0,0.0,156,156,156.0,6.794929504394531e-05,0.0,6.794929504394531e-05,0.5,0.5
aes128-dh14-tunnel-pfs-on,aes128-dh14-tunnel-pfs-on__icmp_run1.pcap,icmp,True,9,9.0,2,312,2.0,312.0,156.0,0.0,156,156,156.0,8.893013000488281e-05,0.0,8.893013000488281e-05,0.5,0.5
aes128-dh14-tunnel-pfs-on,aes128-dh14-tunnel-pfs-on__video_run1.pcap,video_streaming,True,0,0.0,296,236832,296.0,236832.0,800.1081081081081,683.9020163254644,124,1500,372.0,0.003198728723041082,0.031089215334980463,0.3096930980682373,0.4594594594594595,0.07309822996892312
aes128-dh14-tunnel-pfs-on,aes128-dh14-tunnel-pfs-on__video_run1.pcap,video_streaming,True,1,1.0,230,178616,230.0,178616.0,776.591304347826,683.5984405128889,124,1500,124.0,0.0027556159090266997,0.028815141524447262,0.30931591987609863,0.4782608695652174,0.07824606978098267
aes128-dh14-tunnel-pfs-on,aes128-dh14-tunnel-pfs-on__video_run1.pcap,video_streaming,True,2,2.0,174,127256,174.0,127256.0,731.3563218390805,680.2061227382993,124,1500,124.0,0.0036243358788462733,0.03308323281458045,0.3087489604949951,0.4942528735632184,0.08643993210536242
aes128-dh14-tunnel-pfs-on,aes128-dh14-tunnel-pfs-on__voip_run1.pcap,voip,True,0,0.0,30,14520,30.0,14520.0,484.0,79.02858496379213,396,604,460.0,0.014088515577645138,0.03166092591300334,0.0919489860534668,0.5,0.5247933884297521
aes128-dh14-tunnel-pfs-on,aes128-dh14-tunnel-pfs-on__web_run1.pcap,web_browsing,True,0,0.0,20,4336,20.0,4336.0,216.8,264.4703943236071,124,988,124.0,0.040372835962395916,0.17561767706203624,0.7655830383300781,0.6,0.3726937269372694
aes128-dh14-tunnel-pfs-on,aes128-dh14-tunnel-pfs-on__web_run1.pcap,web_browsing,True,1,1.0,20,4336,20.0,4336.0,216.8,264.4703943236071,124,988,124.0,0.02175141635694002,0.09447303851622375,0.41187620162963867,0.6,0.3726937269372694
aes128-dh14-tunnel-pfs-on,aes128-dh14-tunnel-pfs-on__web_run1.pcap,web_browsing,True,2,2.0,10,2168,10.0,2168.0,216.8,271.7175003565284,124,988,124.0,9.95530022515191e-05,5.956781096932605e-05,0.00021314620971679688,0.6,0.3726937269372694
aes128-dh14-tunnel-pfs-on,aes128-dh14-tunnel-pfs-on__web_run1.pcap,web_browsing,True,3,3.0,20,4336,20.0,4336.0,216.8,264.4703943236071,124,988,124.0,0.03362747242576197,0.14619349050638827,0.6373310089111328,0.6,0.3726937269372694
aes128-dh14-tunnel-pfs-on,aes128-dh14-tunnel-pfs-on__web_run1.pcap,web_browsing,True,4,4.0,20,4336,20.0,4336.0,216.8,264.4703943236071,124,988,124.0,0.024064678894846064,0.10445696049816515,0.4554178714752197,0.6,0.3726937269372694
aes128-dh14-tunnel-pfs-on,aes128-dh14-tunnel-pfs-on__web_run1.pcap,web_browsing,True,5,5.0,10,2168,10.0,2168.0,216.8,271.7175003565284,124,988,124.0,9.356604682074653e-05,4.7838898972323074e-05,0.00017118453979492188,0.6,0.3726937269372694
aes128-dh14-tunnel-pfs-on,aes128-dh14-tunnel-pfs-on__web_run1.pcap,web_browsing,True,6,6.0,10,2168,10.0,2168.0,216.8,271.7175003565284,124,988,124.0,0.00010866589016384548,8.977700411260417e-05,0.0002808570861816406,0.6,0.3726937269372694
aes128-dh14-tunnel-pfs-on,aes128-dh14-tunnel-pfs-on__web_run1.pcap,web_browsing,True,7,7.0,10,2168,10.0,2168.0,216.8,271.7175003565284,124,988,124.0,8.845329284667969e-05,5.8708850477032204e-05,0.00020813941955566406,0.6,0.3726937269372694
aes128-dh14-tunnel-pfs-on,aes128-dh14-tunnel-pfs-on__web_run1.pcap,web_browsing,True,8,8.0,30,6504,30.0,6504.0,216.8,262.18056426032433,124,988,124.0,0.02591579535911823,0.09735398886610229,0.42133092880249023,0.6,0.3726937269372694
aes128-dh14-tunnel-pfs-on,aes128-dh14-tunnel-pfs-on__web_run1.pcap,web_browsing,True,9,9.0,10,2168,10.0,2168.0,216.8,271.7175003565284,124,988,124.0,0.00010779168870713975,8.209950300820012e-05,0.0002911090850830078,0.6,0.3726937269372694
aes128-dh14-tunnel-pfs-on,aes128-dh14-tunnel-pfs-on__web_run1.pcap,web_browsing,True,10,10.0,20,4336,20.0,4336.0,216.8,264.4703943236071,124,988,124.0,0.021579052272595857,0.09359089501665281,0.40806102752685547,0.6,0.3726937269372694
aes128-dh14-tunnel-pfs-on,aes128-dh14-tunnel-pfs-on__web_run1.pcap,web_browsing,True,11,11.0,20,4336,20.0,4336.0,216.8,264.4703943236071,124,988,124.0,0.018312203256707443,0.0794213018734067,0.3462810516357422,0.6,0.3726937269372694
aes128-dh14-tunnel-pfs-on,aes128-dh14-tunnel-pfs-on__web_run1.pcap,web_browsing,True,12,12.0,20,4336,20.0,4336.0,216.8,264.4703943236071,124,988,124.0,0.034989469929745325,0.15208457368628817,0.663020133972168,0.6,0.3726937269372694
aes128-dh14-tunnel-pfs-on,aes128-dh14-tunnel-pfs-on__web_run1.pcap,web_browsing,True,13,13.0,10,2168,10.0,2168.0,216.8,271.7175003565284,124,988,124.0,0.00011565950181749131,7.962809739328002e-05,0.00028204917907714844,0.6,0.3726937269372694
aes128-dh14-tunnel-pfs-on,aes128-dh14-tunnel-pfs-on__web_run1.pcap,web_browsing,True,14,14.0,20,4336,20.0,4336.0,216.8,264.4703943236071,124,988,124.0,0.025544681047138414,0.11098417444568442,0.48385190963745117,0.6,0.3726937269372694
aes128-dh14-tunnel-pfs-on,aes128-dh14-tunnel-pfs-on__web_run1.pcap,web_browsing,True,15,15.0,20,4336,20.0,4336.0,216.8,264.4703943236071,124,988,124.0,0.022201262022319593,0.09643889317642432,0.4204440116882324,0.6,0.3726937269372694
aes128-dh14-tunnel-pfs-on,aes128-dh14-tunnel-pfs-on__web_run1.pcap,web_browsing,True,16,16.0,20,4336,20.0,4336.0,216.8,264.4703943236071,124,988,124.0,0.019929534510562296,0.08650635549952815,0.37715601921081543,0.6,0.3726937269372694
aes128-dh14-tunnel-pfs-on,aes128-dh14-tunnel-pfs-on__web_run1.pcap,web_browsing,True,17,17.0,10,2168,10.0,2168.0,216.8,271.7175003565284,124,988,124.0,8.267826504177517e-05,4.730112515530508e-05,0.0001671314239501953,0.6,0.3726937269372694
aes128-dh19-transport-pfs-off,aes128-dh19-transport-pfs-off__file_transfer_run1.pcap,file_transfer,True,0,0.0,8875,11498868,8875.0,11498868.0,1295.6470985915494,482.82226024832283,108,1500,1500.0,5.345560017539113e-05,0.0007958420866617841,0.042298078536987305,0.8687323943661972,0.9885557430522727
aes128-dh19-transport-pfs-off,aes128-dh19-transport-pfs-off__icmp_run1.pcap,icmp,True,0,0.0,2,280,2.0,280.0,140.0,0.0,140,140,140.0,0.0005640983581542969,0.0,0.0005640983581542969,0.5,0.5
aes128-dh19-transport-pfs-off,aes128-dh19-transport-pfs-off__icmp_run1.pcap,icmp,True,1,1.0,2,280,2.0,280.0,140.0,0.0,140,140,140.0,9.107589721679688e-05,0.0,9.107589721679688e-05,0.5,0.5
aes128-dh19-transport-pfs-off,aes128-dh19-transport-pfs-off__icmp_run1.pcap,icmp,True,2,2.0,2,280,2.0,280.0,140.0,0.0,140,140,140.0,9.989738464355469e-05,0.0,9.989738464355469e-05,0.5,0.5
aes128-dh19-transport-pfs-off,aes128-dh19-transport-pfs-off__icmp_run1.pcap,icmp,True,3,3.0,2,280,2.0,280.0,140.0,0.0,140,140,140.0,9.202957153320312e-05,0.0,9.202957153320312e-05,0.5,0.5
aes128-dh19-transport-pfs-off,aes128-dh19-transport-pfs-off__icmp_run1.pcap,icmp,True,4,4.0,2,280,2.0,280.0,140.0,0.0,140,140,140.0,0.00011515617370605469,0.0,0.00011515617370605469,0.5,0.5
aes128-dh19-transport-pfs-off,aes128-dh19-transport-pfs-off__icmp_run1.pcap,icmp,True,5,5.0,2,280,2.0,280.0,140.0,0.0,140,140,140.0,9.083747863769531e-05,0.0,9.083747863769531e-05,0.5,0.5
aes128-dh19-transport-pfs-off,aes128-dh19-transport-pfs-off__icmp_run1.pcap,icmp,True,6,6.0,2,280,2.0,280.0,140.0,0.0,140,140,140.0,0.00011205673217773438,0.0,0.00011205673217773438,0.5,0.5
aes128-dh19-transport-pfs-off,aes128-dh19-transport-pfs-off__icmp_run1.pcap,icmp,True,7,7.0,2,280,2.0,280.0,140.0,0.0,140,140,140.0,9.012222290039062e-05,0.0,9.012222290039062e-05,0.5,0.5
aes128-dh19-transport-pfs-off,aes128-dh19-transport-pfs-off__icmp_run1.pcap,icmp,True,8,8.0,2,280,2.0,280.0,140.0,0.0,140,140,140.0,9.799003601074219e-05,0.0,9.799003601074219e-05,0.5,0.5
aes128-dh19-transport-pfs-off,aes128-dh19-transport-pfs-off__icmp_run1.pcap,icmp,True,9,9.0,2,280,2.0,280.0,140.0,0.0,140,140,140.0,0.00011205673217773438,0.0,0.00011205673217773438,0.5,0.5
aes128-dh19-transport-pfs-off,aes128-dh19-transport-pfs-off__video_run1.pcap,video_streaming,True,0,0.0,341,292140,341.0,292140.0,856.7155425219942,690.7663293669801,108,1500,1500.0,0.0027451438062331256,0.028806536419337753,0.30902695655822754,0.4252199413489736,0.05524748408297392
aes128-dh19-transport-pfs-off,aes128-dh19-transport-pfs-off__video_run1.pcap,video_streaming,True,1,1.0,249,204444,249.0,204444.0,821.0602409638554,692.959734715545,108,1500,1500.0,0.002519218191023796,0.02762240449043279,0.3085978031158447,0.4497991967871486,0.06080882784527793
aes128-dh19-transport-pfs-off,aes128-dh19-transport-pfs-off__video_run1.pcap,video_streaming,True,2,2.0,144,120976,144.0,120976.0,840.1111111111111,691.4410523151838,108,1500,1500.0,0.004350880642870923,0.036391786028341616,0.30898284912109375,0.4097222222222222,0.055449014680597805
aes128-dh19-transport-pfs-off,aes128-dh19-transport-pfs-off__voip_run1.pcap,voip,True,0,0.0,30,13960,30.0,13960.0,465.3333333333333,81.72845422424835,380,588,444.0,0.014057554047683189,0.03212201849047987,0.09577584266662598,0.5,0.5286532951289399
aes128-dh19-transport-pfs-off,aes128-dh19-transport-pfs-off__web_run1.pcap,web_browsing,True,0,0.0,20,3984,20.0,3984.0,199.2,259.55946484278644,108,956,108.0,0.03841205647117213,0.16668688737617546,0.726740837097168,0.6,0.357429718875502
aes128-dh19-transport-pfs-off,aes128-dh19-transport-pfs-off__web_run1.pcap,web_browsing,True,1,1.0,10,1992,10.0,1992.0,199.2,266.6719999466677,108,956,108.0,0.00021121237013075087,0.0003436621142013036,0.0011138916015625,0.6,0.357429718875502
aes128-dh19-transport-pfs-off,aes128-dh19-transport-pfs-off__web_run1.pcap,web_browsing,True,2,2.0,20,3984,20.0,3984.0,199.2,259.55946484278644,108,956,108.0,0.024628839994731703,0.10638093401428134,0.4639251232147217,0.6,0.357429718875502
aes128-dh19-transport-pfs-off,aes128-dh19-transport-pfs-off__web_run1.pcap,web_browsing,True,3,3.0,20,3984,20.0,3984.0,199.2,259.55946484278644,108,956,108.0,0.02449036899365877,0.1057852671860578,0.46132683753967285,0.6,0.357429718875502
aes128-dh19-transport-pfs-off,aes128-dh19-transport-pfs-off__web_run1.pcap,web_browsing,True,4,4.0,20,3984,20.0,3984.0,199.2,259.55946484278644,108,956,108.0,0.02354800073724044,0.1017040917189066,0.4435310363769531,0.6,0.357429718875502
aes128-dh19-transport-pfs-off,aes128-dh19-transport-pfs-off__web_run1.pcap,web_browsing,True,5,5.0,10,1992,10.0,1992.0,199.2,266.6719999466677,108,956,108.0,0.00023100111219618056,0.0003933980147158274,0.0012738704681396484,0.6,0.357429718875502
aes128-dh19-transport-pfs-off,aes128-dh19-transport-pfs-off__web_run1.pcap,web_browsing,True,6,6.0,30,5976,30.0,5976.0,199.2,257.3121544497776,108,956,108.0,0.03204120438674401,0.1254387994104714,0.6100108623504639,0.6,0.357429718875502
aes128-dh19-transport-pfs-off,aes128-dh19-transport-pfs-off__web_run1.pcap,web_browsing,True,8,8.0,20,3984,20.0,3984.0,199.2,259.55946484278644,108,956,108.0,0.031988520371286494,0.13846339262287843,0.603769063949585,0.6,0.357429718875502
aes128-dh19-transport-pfs-off,aes128-dh19-transport-pfs-off__web_run1.pcap,web_browsing,True,9,9.0,20,3984,20.0,3984.0,199.2,259.55946484278644,108,956,108.0,0.020203151200947008,0.08736009757863188,0.3809540271759033,0.6,0.357429718875502
aes128-dh19-transport-pfs-off,aes128-dh19-transport-pfs-off__web_run1.pcap,web_browsing,True,10,10.0,10,1992,10.0,1992.0,199.2,266.6719999466677,108,956,108.0,0.00022824605305989584,0.00036410236761930044,0.0011820793151855469,0.6,0.357429718875502
aes128-dh19-transport-pfs-off,aes128-dh19-transport-pfs-off__web_run1.pcap,web_browsing,True,11,11.0,10,1992,10.0,1992.0,199.2,266.6719999466677,108,956,108.0,8.991029527452256e-05,4.749176677282074e-05,0.00019693374633789062,0.6,0.357429718875502
aes128-dh19-transport-pfs-off,aes128-dh19-transport-pfs-off__web_run1.pcap,web_browsing,True,12,12.0,10,1992,10.0,1992.0,199.2,266.6719999466677,108,956,108.0,0.00014623006184895834,0.0002288544223680354,0.0007479190826416016,0.6,0.357429718875502
aes128-dh19-transport-pfs-off,aes128-dh19-transport-pfs-off__web_run1.pcap,web_browsing,True,13,13.0,20,3984,20.0,3984.0,199.2,259.55946484278644,108,956,108.0,0.018910207246479235,0.0815763114699554,0.3557760715484619,0.6,0.357429718875502
aes128-dh19-transport-pfs-off,aes128-dh19-transport-pfs-off__web_run1.pcap,web_browsing,True,14,14.0,20,3984,20.0,3984.0,199.2,259.55946484278644,108,956,108.0,0.0509695755807977,0.2212800417159934,0.9647409915924072,0.6,0.357429718875502
aes128-dh19-transport-pfs-off,aes128-dh19-transport-pfs-off__web_run1.pcap,web_browsing,True,15,15.0,10,1992,10.0,1992.0,199.2,266.6719999466677,108,956,108.0,0.0002171198527018229,0.0003470054853119929,0.0011379718780517578,0.6,0.357429718875502
aes128-dh19-transport-pfs-off,aes128-dh19-transport-pfs-off__web_run1.pcap,web_browsing,True,16,16.0,10,1992,10.0,1992.0,199.2,266.6719999466677,108,956,108.0,0.00010855992635091145,5.273768310924405e-05,0.0002148151397705078,0.6,0.357429718875502
aes128-dh19-transport-pfs-off,aes128-dh19-transport-pfs-off__web_run1.pcap,web_browsing,True,17,17.0,20,3984,20.0,3984.0,199.2,259.55946484278644,108,956,108.0,0.029194731461374385,0.12653282965090706,0.5517089366912842,0.6,0.357429718875502
aes128-dh19-transport-pfs-off,aes128-dh19-transport-pfs-off__web_run1.pcap,web_browsing,True,18,18.0,20,3984,20.0,3984.0,199.2,259.55946484278644,108,956,108.0,0.022549001794112355,0.09737393076405268,0.4246509075164795,0.6,0.357429718875502
aes128-dh19-transport-pfs-on,aes128-dh19-transport-pfs-on__file_transfer_run1.pcap,file_transfer,True,0,0.0,8732,11500000,8732.0,11500000.0,1316.9949610627577,459.00265010146757,108,1500,1500.0,7.848870152119659e-05,0.0023532241985349867,0.20516085624694824,0.885822262940907,0.9901526956521739
aes128-dh19-transport-pfs-on,aes128-dh19-transport-pfs-on__icmp_run1.pcap,icmp,True,0,0.0,2,280,2.0,280.0,140.0,0.0,140,140,140.0,0.0001678466796875,0.0,0.0001678466796875,0.5,0.5
aes128-dh19-transport-pfs-on,aes128-dh19-transport-pfs-on__icmp_run1.pcap,icmp,True,1,1.0,2,280,2.0,280.0,140.0,0.0,140,140,140.0,0.00013518333435058594,0.0,0.00013518333435058594,0.5,0.5
aes128-dh19-transport-pfs-on,aes128-dh19-transport-pfs-on__icmp_run1.pcap,icmp,True,2,2.0,2,280,2.0,280.0,140.0,0.0,140,140,140.0,0.0001499652862548828,0.0,0.0001499652862548828,0.5,0.5
aes128-dh19-transport-pfs-on,aes128-dh19-transport-pfs-on__icmp_run1.pcap,icmp,True,3,3.0,2,280,2.0,280.0,140.0,0.0,140,140,140.0,9.703636169433594e-05,0.0,9.703636169433594e-05,0.5,0.5
aes128-dh19-transport-pfs-on,aes128-dh19-transport-pfs-on__icmp_run1.pcap,icmp,True,4,4.0,2,280,2.0,280.0,140.0,0.0,140,140,140.0,0.0001361370086669922,0.0,0.0001361370086669922,0.5,0.5
aes128-dh19-transport-pfs-on,aes128-dh19-transport-pfs-on__icmp_run1.pcap,icmp,True,5,5.0,2,280,2.0,280.0,140.0,0.0,140,140,140.0,0.0001690387725830078,0.0,0.0001690387725830078,0.5,0.5
aes128-dh19-transport-pfs-on,aes128-dh19-transport-pfs-on__icmp_run1.pcap,icmp,True,6,6.0,2,280,2.0,280.0,140.0,0.0,140,140,140.0,9.107589721679688e-05,0.0,9.107589721679688e-05,0.5,0.5
aes128-dh19-transport-pfs-on,aes128-dh19-transport-pfs-on__icmp_run1.pcap,icmp,True,7,7.0,2,280,2.0,280.0,140.0,0.0,140,140,140.0,0.0001499652862548828,0.0,0.0001499652862548828,0.5,0.5
aes128-dh19-transport-pfs-on,aes128-dh19-transport-pfs-on__icmp_run1.pcap,icmp,True,8,8.0,2,280,2.0,280.0,140.0,0.0,140,140,140.0,0.000102996826171875,0.0,0.000102996826171875,0.5,0.5
aes128-dh19-transport-pfs-on,aes128-dh19-transport-pfs-on__icmp_run1.pcap,icmp,True,9,9.0,2,280,2.0,280.0,140.0,0.0,140,140,140.0,0.00010085105895996094,0.0,0.00010085105895996094,0.5,0.5
aes128-dh19-transport-pfs-on,aes128-dh19-transport-pfs-on__video_run1.pcap,video_streaming,True,0,0.0,362,297192,362.0,297192.0,820.9723756906077,692.7702503235821,92,1500,1500.0,0.0025917955382709027,0.027980283838494803,0.30829691886901855,0.425414364640884,0.05811731136773533
aes128-dh19-transport-pfs-on,aes128-dh19-transport-pfs-on__video_run1.pcap,video_streaming,True,1,1.0,265,238428,265.0,238428.0,899.7283018867925,685.7653445010884,108,1500,1500.0,0.002357015104004831,0.026610183369596647,0.3077080249786377,0.39622641509433965,0.049977351653329304
aes128-dh19-transport-pfs-on,aes128-dh19-transport-pfs-on__video_run1.pcap,video_streaming,True,2,2.0,153,133100,153.0,133100.0,869.9346405228758,689.3328742266018,108,1500,1500.0,0.004102433982648347,0.03515909408789002,0.3078768253326416,0.39215686274509803,0.051329827197595795
aes128-dh19-transport-pfs-on,aes128-dh19-transport-pfs-on__voip_run1.pcap,voip,True,0,0.0,30,13960,30.0,13960.0,465.3333333333333,81.72845422424835,380,588,444.0,0.014074555758772225,0.031772317485024466,0.09239697456359863,0.5,0.5286532951289399
aes128-dh19-transport-pfs-on,aes128-dh19-transport-pfs-on__web_run1.pcap,web_browsing,True,0,0.0,30,5976,30.0,5976.0,199.2,257.3121544497776,108,956,108.0,0.034227864495639145,0.13001318007981405,0.5918920040130615,0.6,0.357429718875502
aes128-dh19-transport-pfs-on,aes128-dh19-transport-pfs-on__web_run1.pcap,web_browsing,True,1,1.0,10,1992,10.0,1992.0,199.2,266.6719999466677,108,956,108.0,0.0002166695064968533,0.0003444963622203377,0.001116037368774414,0.6,0.357429718875502
aes128-dh19-transport-pfs-on,aes128-dh19-transport-pfs-on__web_run1.pcap,web_browsing,True,2,2.0,20,3984,20.0,3984.0,199.2,259.55946484278644,108,956,108.0,0.02135778728284334,0.09210812520338674,0.40171384811401367,0.6,0.357429718875502
aes128-dh19-transport-pfs-on,aes128-dh19-transport-pfs-on__web_run1.pcap,web_browsing,True,3,3.0,10,1992,10.0,1992.0,199.2,266.6719999466677,108,956,108.0,0.00021301375495062934,0.0003382937238682206,0.0011031627655029297,0.6,0.357429718875502
aes128-dh19-transport-pfs-on,aes128-dh19-transport-pfs-on__web_run1.pcap,web_browsing,True,4,4.0,20,3984,20.0,3984.0,199.2,259.55946484278644,108,956,108.0,0.01767452139603464,0.0759794958267632,0.33142685890197754,0.6,0.357429718875502
aes128-dh19-transport-pfs-on,aes128-dh19-transport-pfs-on__web_run1.pcap,web_browsing,True,5,5.0,10,1992,10.0,1992.0,199.2,266.6719999466677,108,956,108.0,0.00010612275865342881,6.686487672608514e-05,0.00025391578674316406,0.6,0.357429718875502
aes128-dh19-transport-pfs-on,aes128-dh19-transport-pfs-on__web_run1.pcap,web_browsing,True,6,6.0,30,5976,30.0,5976.0,199.2,257.3121544497776,108,956,108.0,0.02369651301153775,0.08786727538630028,0.34268808364868164,0.6,0.357429718875502
aes128-dh19-transport-pfs-on,aes128-dh19-transport-pfs-on__web_run1.pcap,web_browsing,True,7,7.0,10,1992,10.0,1992.0,199.2,266.6719999466677,108,956,108.0,0.00022644466824001737,0.00036755682108245447,0.0011868476867675781,0.6,0.357429718875502
aes128-dh19-transport-pfs-on,aes128-dh19-transport-pfs-on__web_run1.pcap,web_browsing,True,8,8.0,10,1992,10.0,1992.0,199.2,266.6719999466677,108,956,108.0,0.00021510654025607638,0.000345919185831155,0.001127004623413086,0.6,0.357429718875502
aes128-dh19-transport-pfs-on,aes128-dh19-transport-pfs-on__web_run1.pcap,web_browsing,True,9,9.0,20,3984,20.0,3984.0,199.2,259.55946484278644,108,956,108.0,0.01853836210150468,0.07985031081199283,0.34827589988708496,0.6,0.357429718875502
aes128-dh19-transport-pfs-on,aes128-dh19-transport-pfs-on__web_run1.pcap,web_browsing,True,10,10.0,20,3984,20.0,3984.0,199.2,259.55946484278644,108,956,108.0,0.023829836594431025,0.10294256407320883,0.4489271640777588,0.6,0.357429718875502
aes128-dh19-transport-pfs-on,aes128-dh19-transport-pfs-on__web_run1.pcap,web_browsing,True,11,11.0,20,3984,20.0,3984.0,199.2,259.55946484278644,108,956,108.0,0.017592154051128187,0.07570611682782885,0.3302161693572998,0.6,0.357429718875502
aes128-dh19-transport-pfs-on,aes128-dh19-transport-pfs-on__web_run1.pcap,web_browsing,True,12,12.0,20,3984,20.0,3984.0,199.2,259.55946484278644,108,956,108.0,0.016776737413908307,0.07214081171728563,0.31467700004577637,0.6,0.357429718875502
aes128-dh19-transport-pfs-on,aes128-dh19-transport-pfs-on__web_run1.pcap,web_browsing,True,13,13.0,20,3984,20.0,3984.0,199.2,259.55946484278644,108,956,108.0,0.0275047829276637,0.11931916435026657,0.5202310085296631,0.6,0.357429718875502
aes128-dh19-transport-pfs-on,aes128-dh19-transport-pfs-on__web_run1.pcap,web_browsing,True,14,14.0,10,1992,10.0,1992.0,199.2,266.6719999466677,108,956,108.0,0.00020511945088704428,0.00033343665113075115,0.0010840892791748047,0.6,0.357429718875502
aes128-dh19-transport-pfs-on,aes128-dh19-transport-pfs-on__web_run1.pcap,web_browsing,True,15,15.0,10,1992,10.0,1992.0,199.2,266.6719999466677,108,956,108.0,0.00021701388888888888,0.00033337164554359027,0.0010898113250732422,0.6,0.357429718875502
aes128-dh19-transport-pfs-on,aes128-dh19-transport-pfs-on__web_run1.pcap,web_browsing,True,16,16.0,20,3984,20.0,3984.0,199.2,259.55946484278644,108,956,108.0,0.025728263353046617,0.1115847269202031,0.4865150451660156,0.6,0.357429718875502
aes128-dh19-transport-pfs-on,aes128-dh19-transport-pfs-on__web_run1.pcap,web_browsing,True,17,17.0,10,1992,10.0,1992.0,199.2,266.6719999466677,108,956,108.0,0.00021955702039930556,0.0003429472968956176,0.0011200904846191406,0.6,0.357429718875502
aes128-dh19-tunnel-pfs-off,aes128-dh19-tunnel-pfs-off__file_transfer_run1.pcap,file_transfer,True,0,0.0,11528,11861376,11528.0,11861376.0,1028.9188063844551,643.6014912199508,124,1500,1500.0,5.540045672612187e-05,0.0007282415437615479,0.04497790336608887,0.6681991672449688,0.9595652308804644
aes128-dh19-tunnel-pfs-off,aes128-dh19-tunnel-pfs-off__icmp_run1.pcap,icmp,True,0,0.0,2,312,2.0,312.0,156.0,0.0,156,156,156.0,0.0001342296600341797,0.0,0.0001342296600341797,0.5,0.5
aes128-dh19-tunnel-pfs-off,aes128-dh19-tunnel-pfs-off__icmp_run1.pcap,icmp,True,1,1.0,2,312,2.0,312.0,156.0,0.0,156,156,156.0,8.797645568847656e-05,0.0,8.797645568847656e-05,0.5,0.5
aes128-dh19-tunnel-pfs-off,aes128-dh19-tunnel-pfs-off__icmp_run1.pcap,icmp,True,2,2.0,2,312,2.0,312.0,156.0,0.0,156,156,156.0,8.20159912109375e-05,0.0,8.20159912109375e-05,0.5,0.5
aes128-dh19-tunnel-pfs-off,aes128-dh19-tunnel-pfs-off__icmp_run1.pcap,icmp,True,3,3.0,2,312,2.0,312.0,156.0,0.0,156,156,156.0,8.606910705566406e-05,0.0,8.606910705566406e-05,0.5,0.5
aes128-dh19-tunnel-pfs-off,aes128-dh19-tunnel-pfs-off__icmp_run1.pcap,icmp,True,4,4.0,2,312,2.0,312.0,156.0,0.0,156,156,156.0,8.511543273925781e-05,0.0,8.511543273925781e-05,0.5,0.5
aes128-dh19-tunnel-pfs-off,aes128-dh19-tunnel-pfs-off__icmp_run1.pcap,icmp,True,5,5.0,2,312,2.0,312.0,156.0,0.0,156,156,156.0,7.796287536621094e-05,0.0,7.796287536621094e-05,0.5,0.5
aes128-dh19-tunnel-pfs-off,aes128-dh19-tunnel-pfs-off__icmp_run1.pcap,icmp,True,6,6.0,2,312,2.0,312.0,156.0,0.0,156,156,156.0,7.295608520507812e-05,0.0,7.295608520507812e-05,0.5,0.5
aes128-dh19-tunnel-pfs-off,aes128-dh19-tunnel-pfs-off__icmp_run1.pcap,icmp,True,7,7.0,2,312,2.0,312.0,156.0,0.0,156,156,156.0,8.606910705566406e-05,0.0,8.606910705566406e-05,0.5,0.5
aes128-dh19-tunnel-pfs-off,aes128-dh19-tunnel-pfs-off__icmp_run1.pcap,icmp,True,8,8.0,2,312,2.0,312.0,156.0,0.0,156,156,156.0,7.891654968261719e-05,0.0,7.891654968261719e-05,0.5,0.5
aes128-dh19-tunnel-pfs-off,aes128-dh19-tunnel-pfs-off__icmp_run1.pcap,icmp,True,9,9.0,2,312,2.0,312.0,156.0,0.0,156,156,156.0,8.511543273925781e-05,0.0,8.511543273925781e-05,0.5,0.5
aes128-dh19-tunnel-pfs-off,aes128-dh19-tunnel-pfs-off__video_run1.pcap,video_streaming,True,0,0.0,304,237824,304.0,237824.0,782.3157894736842,683.4650642185711,124,1500,180.0,0.0031057230316766417,0.030603220173438552,0.3088500499725342,0.47368421052631576,0.07696447793326157
aes128-dh19-tunnel-pfs-off,aes128-dh19-tunnel-pfs-off__video_run1.pcap,video_streaming,True,1,1.0,222,177624,222.0,177624.0,800.1081081081081,684.2887293992426,124,1500,372.0,0.0028473079474263603,0.029282765842361922,0.3087289333343506,0.4594594594594595,0.07309822996892312
aes128-dh19-tunnel-pfs-off,aes128-dh19-tunnel-pfs-off__video_run1.pcap,video_streaming,True,2,2.0,166,126264,166.0,126264.0,760.6265060240963,682.9101313757154,124,1500,124.0,0.0037805745095917673,0.033806142016453385,0.30889201164245605,0.46987951807228917,0.07926249762402585
aes128-dh19-tunnel-pfs-off,aes128-dh19-tunnel-pfs-off__voip_run1.pcap,voip,True,0,0.0,30,14520,30.0,14520.0,484.0,79.02858496379213,396,604,460.0,0.014058828353881836,0.03190194056363523,0.09282779693603516,0.5,0.5247933884297521
aes128-dh19-tunnel-pfs-off,aes128-dh19-tunnel-pfs-off__web_run1.pcap,web_browsing,True,0,0.0,20,4336,20.0,4336.0,216.8,264.4703943236071,124,988,124.0,0.04577895214683131,0.19916922484257454,0.8682448863983154,0.6,0.3726937269372694
aes128-dh19-tunnel-pfs-off,aes128-dh19-tunnel-pfs-off__web_run1.pcap,web_browsing,True,1,1.0,10,2168,10.0,2168.0,216.8,271.7175003565284,124,988,124.0,9.033415052625869e-05,4.9110819359887626e-05,0.00016307830810546875,0.6,0.3726937269372694
aes128-dh19-tunnel-pfs-off,aes128-dh19-tunnel-pfs-off__web_run1.pcap,web_browsing,True,2,2.0,10,2168,10.0,2168.0,216.8,271.7175003565284,124,988,124.0,7.40157233344184e-05,4.450469499529872e-05,0.00015020370483398438,0.6,0.3726937269372694
aes128-dh19-tunnel-pfs-off,aes128-dh19-tunnel-pfs-off__web_run1.pcap,web_browsing,True,3,3.0,10,2168,10.0,2168.0,216.8,271.7175003565284,124,988,124.0,9.621514214409722e-05,6.663395274757244e-05,0.00021982192993164062,0.6,0.3726937269372694
aes128-dh19-tunnel-pfs-off,aes128-dh19-tunnel-pfs-off__web_run1.pcap,web_browsing,True,4,4.0,20,4336,20.0,4336.0,216.8,264.4703943236071,124,988,124.0,0.018314524700767117,0.07943285575030391,0.3463311195373535,0.6,0.3726937269372694
aes128-dh19-tunnel-pfs-off,aes128-dh19-tunnel-pfs-off__web_run1.pcap,web_browsing,True,5,5.0,20,4336,20.0,4336.0,216.8,264.4703943236071,124,988,124.0,0.02810005137794896,0.12207797188127298,0.5322189331054688,0.6,0.3726937269372694
aes128-dh19-tunnel-pfs-off,aes128-dh19-tunnel-pfs-off__web_run1.pcap,web_browsing,True,6,6.0,20,4336,20.0,4336.0,216.8,264.4703943236071,124,988,124.0,0.03398005585921438,0.14779185267229825,0.6442840099334717,0.6,0.3726937269372694
aes128-dh19-tunnel-pfs-off,aes128-dh19-tunnel-pfs-off__web_run1.pcap,web_browsing,True,7,7.0,20,4336,20.0,4336.0,216.8,264.4703943236071,124,988,124.0,0.016644113942196493,0.07213444878499173,0.31452202796936035,0.6,0.3726937269372694
aes128-dh19-tunnel-pfs-off,aes128-dh19-tunnel-pfs-off__web_run1.pcap,web_browsing,True,8,8.0,10,2168,10.0,2168.0,216.8,271.7175003565284,124,988,124.0,9.555286831325955e-05,5.610450402868066e-05,0.0002110004425048828,0.6,0.3726937269372694
aes128-dh19-tunnel-pfs-off,aes128-dh19-tunnel-pfs-off__web_run1.pcap,web_browsing,True,9,9.0,20,4336,20.0,4336.0,216.8,264.4703943236071,124,988,124.0,0.027419102819342362,0.11907225748890594,0.5191259384155273,0.6,0.3726937269372694
aes128-dh19-tunnel-pfs-off,aes128-dh19-tunnel-pfs-off__web_run1.pcap,web_browsing,True,10,10.0,10,2168,10.0,2168.0,216.8,271.7175003565284,124,988,124.0,9.245342678493923e-05,4.8648021067026784e-05,0.0001678466796875,0.6,0.3726937269372694
aes128-dh19-tunnel-pfs-off,aes128-dh19-tunnel-pfs-off__web_run1.pcap,web_browsing,True,11,11.0,10,2168,10.0,2168.0,216.8,271.7175003565284,124,988,124.0,9.867880079481337e-05,6.322796487873564e-05,0.00020813941955566406,0.6,0.3726937269372694
aes128-dh19-tunnel-pfs-off,aes128-dh19-tunnel-pfs-off__web_run1.pcap,web_browsing,True,12,12.0,30,6504,30.0,6504.0,216.8,262.18056426032433,124,988,124.0,0.025185239726099474,0.0940430865570386,0.3854949474334717,0.6,0.3726937269372694
aes128-dh19-tunnel-pfs-off,aes128-dh19-tunnel-pfs-off__web_run1.pcap,web_browsing,True,13,13.0,20,4336,20.0,4336.0,216.8,264.4703943236071,124,988,124.0,0.03078995252910413,0.13382214419693228,0.5834062099456787,0.6,0.3726937269372694
aes128-dh19-tunnel-pfs-off,aes128-dh19-tunnel-pfs-off__web_run1.pcap,web_browsing,True,14,14.0,10,2168,10.0,2168.0,216.8,271.7175003565284,124,988,124.0,0.00010630819532606337,6.121526956855773e-05,0.00024199485778808594,0.6,0.3726937269372694
aes128-dh19-tunnel-pfs-off,aes128-dh19-tunnel-pfs-off__web_run1.pcap,web_browsing,True,15,15.0,20,4336,20.0,4336.0,216.8,264.4703943236071,124,988,124.0,0.033754361303229084,0.14672216680491887,0.6396410465240479,0.6,0.3726937269372694
aes128-dh19-tunnel-pfs-off,aes128-dh19-tunnel-pfs-off__web_run1.pcap,web_browsing,True,16,16.0,20,4336,20.0,4336.0,216.8,264.4703943236071,124,988,124.0,0.0412483717265882,0.17939720960306857,0.7820661067962646,0.6,0.3726937269372694
aes128-dh19-tunnel-pfs-off,aes128-dh19-tunnel-pfs-off__web_run1.pcap,web_browsing,True,17,17.0,10,2168,10.0,2168.0,216.8,271.7175003565284,124,988,124.0,9.865230984157986e-05,5.162172127479139e-05,0.00018286705017089844,0.6,0.3726937269372694
aes128-dh19-tunnel-pfs-off,aes128-dh19-tunnel-pfs-off__web_run1.pcap,web_browsing,True,18,18.0,10,2168,10.0,2168.0,216.8,271.7175003565284,124,988,124.0,8.455912272135417e-05,5.4263277710110454e-05,0.0001900196075439453,0.6,0.3726937269372694
aes128-dh19-tunnel-pfs-on,aes128-dh19-tunnel-pfs-on__file_transfer_run1.pcap,file_transfer,True,0,0.0,11426,11848712,11426.0,11848712.0,1036.9956240154036,640.7680425530106,124,1500,1500.0,4.4037028005921345e-05,0.0007366056448484503,0.04706001281738281,0.6741641869420619,0.960589471665781
aes128-dh19-tunnel-pfs-on,aes128-dh19-tunnel-pfs-on__icmp_run1.pcap,icmp,True,0,0.0,2,312,2.0,312.0,156.0,0.0,156,156,156.0,0.00010704994201660156,0.0,0.00010704994201660156,0.5,0.5
aes128-dh19-tunnel-pfs-on,aes128-dh19-tunnel-pfs-on__icmp_run1.pcap,icmp,True,1,1.0,2,312,2.0,312.0,156.0,0.0,156,156,156.0,8.0108642578125e-05,0.0,8.0108642578125e-05,0.5,0.5
aes128-dh19-tunnel-pfs-on,aes128-dh19-tunnel-pfs-on__icmp_run1.pcap,icmp,True,2,2.0,2,312,2.0,312.0,156.0,0.0,156,156,156.0,8.511543273925781e-05,0.0,8.511543273925781e-05,0.5,0.5
aes128-dh19-tunnel-pfs-on,aes128-dh19-tunnel-pfs-on__icmp_run1.pcap,icmp,True,3,3.0,2,312,2.0,312.0,156.0,0.0,156,156,156.0,7.796287536621094e-05,0.0,7.796287536621094e-05,0.5,0.5
aes128-dh19-tunnel-pfs-on,aes128-dh19-tunnel-pfs-on__icmp_run1.pcap,icmp,True,4,4.0,2,312,2.0,312.0,156.0,0.0,156,156,156.0,0.00010013580322265625,0.0,0.00010013580322265625,0.5,0.5
aes128-dh19-tunnel-pfs-on,aes128-dh19-tunnel-pfs-on__icmp_run1.pcap,icmp,True,5,5.0,2,312,2.0,312.0,156.0,0.0,156,156,156.0,8.511543273925781e-05,0.0,8.511543273925781e-05,0.5,0.5
aes128-dh19-tunnel-pfs-on,aes128-dh19-tunnel-pfs-on__icmp_run1.pcap,icmp,True,6,6.0,2,312,2.0,312.0,156.0,0.0,156,156,156.0,7.700920104980469e-05,0.0,7.700920104980469e-05,0.5,0.5
aes128-dh19-tunnel-pfs-on,aes128-dh19-tunnel-pfs-on__icmp_run1.pcap,icmp,True,7,7.0,2,312,2.0,312.0,156.0,0.0,156,156,156.0,0.000125885009765625,0.0,0.000125885009765625,0.5,0.5
aes128-dh19-tunnel-pfs-on,aes128-dh19-tunnel-pfs-on__icmp_run1.pcap,icmp,True,8,8.0,2,312,2.0,312.0,156.0,0.0,156,156,156.0,0.00012111663818359375,0.0,0.00012111663818359375,0.5,0.5
aes128-dh19-tunnel-pfs-on,aes128-dh19-tunnel-pfs-on__icmp_run1.pcap,icmp,True,9,9.0,2,312,2.0,312.0,156.0,0.0,156,156,156.0,0.00012087821960449219,0.0,0.00012087821960449219,0.5,0.5
aes128-dh19-tunnel-pfs-on,aes128-dh19-tunnel-pfs-on__video_run1.pcap,video_streaming,True,0,0.0,300,237328,300.0,237328.0,791.0933333333334,683.7387123099436,124,1500,236.0,0.0031410531455457807,0.030775627043196745,0.3086268901824951,0.4666666666666667,0.07503539405379896
aes128-dh19-tunnel-pfs-on,aes128-dh19-tunnel-pfs-on__video_run1.pcap,video_streaming,True,1,1.0,226,178120,226.0,178120.0,788.141592920354,684.0390225029452,124,1500,236.0,0.002798524432712131,0.029055395720691424,0.30977606773376465,0.4690265486725664,0.07567931731417023
aes128-dh19-tunnel-pfs-on,aes128-dh19-tunnel-pfs-on__video_run1.pcap,video_streaming,True,2,2.0,170,126760,170.0,126760.0,745.6470588235294,681.6854279097026,124,1500,124.0,0.0037040357759012977,0.033452328177613816,0.30848193168640137,0.4823529411764706,0.08286525717892079
aes128-dh19-tunnel-pfs-on,aes128-dh19-tunnel-pfs-on__voip_run1.pcap,voip,True,0,0.0,30,14520,30.0,14520.0,484.0,79.02858496379213,396,604,460.0,0.014054380614182045,0.032012593234544716,0.0951690673828125,0.5,0.5247933884297521
aes128-dh19-tunnel-pfs-on,aes128-dh19-tunnel-pfs-on__web_run1.pcap,web_browsing,True,0,0.0,20,4336,20.0,4336.0,216.8,264.4703943236071,124,988,124.0,0.046487632550691306,0.20229171718391045,0.8818478584289551,0.6,0.3726937269372694
aes128-dh19-tunnel-pfs-on,aes128-dh19-tunnel-pfs-on__web_run1.pcap,web_browsing,True,1,1.0,10,2168,10.0,2168.0,216.8,271.7175003565284,124,988,124.0,9.197658962673611e-05,5.686867604137709e-05,0.00017881393432617188,0.6,0.3726937269372694
aes128-dh19-tunnel-pfs-on,aes128-dh19-tunnel-pfs-on__web_run1.pcap,web_browsing,True,2,2.0,10,2168,10.0,2168.0,216.8,271.7175003565284,124,988,124.0,9.200308057996962e-05,6.0109083476799275e-05,0.0002110004425048828,0.6,0.3726937269372694
aes128-dh19-tunnel-pfs-on,aes128-dh19-tunnel-pfs-on__web_run1.pcap,web_browsing,True,3,3.0,20,4336,20.0,4336.0,216.8,264.4703943236071,124,988,124.0,0.028662995288246555,0.12451486835289755,0.5428450107574463,0.6,0.3726937269372694
aes128-dh19-tunnel-pfs-on,aes128-dh19-tunnel-pfs-on__web_run1.pcap,web_browsing,True,4,4.0,30,6504,30.0,6504.0,216.8,262.18056426032433,124,988,124.0,0.02804396892416066,0.1048947222392207,0.4386770725250244,0.6,0.3726937269372694
aes128-dh19-tunnel-pfs-on,aes128-dh19-tunnel-pfs-on__web_run1.pcap,web_browsing,True,5,5.0,10,2168,10.0,2168.0,216.8,271.7175003565284,124,988,124.0,9.666548834906684e-05,5.435304529796887e-05,0.00018906593322753906,0.6,0.3726937269372694
aes128-dh19-tunnel-pfs-on,aes128-dh19-tunnel-pfs-on__web_run1.pcap,web_browsing,True,6,6.0,10,2168,10.0,2168.0,216.8,271.7175003565284,124,988,124.0,9.168518914116753e-05,5.2151592892422165e-05,0.0001728534698486328,0.6,0.3726937269372694
aes128-dh19-tunnel-pfs-on,aes128-dh19-tunnel-pfs-on__web_run1.pcap,web_browsing,True,7,7.0,20,4336,20.0,4336.0,216.8,264.4703943236071,124,988,124.0,0.03660458012631065,0.1592115666134797,0.694066047668457,0.6,0.3726937269372694
aes128-dh19-tunnel-pfs-on,aes128-dh19-tunnel-pfs-on__web_run1.pcap,web_browsing,True,8,8.0,10,2168,10.0,2168.0,216.8,271.7175003565284,124,988,124.0,9.677145216200087e-05,6.703033986259925e-05,0.00019812583923339844,0.6,0.3726937269372694
aes128-dh19-tunnel-pfs-on,aes128-dh19-tunnel-pfs-on__web_run1.pcap,web_browsing,True,9,9.0,10,2168,10.0,2168.0,216.8,271.7175003565284,124,988,124.0,0.00010911623636881511,7.89692038950462e-05,0.0003018379211425781,0.6,0.3726937269372694
aes128-dh19-tunnel-pfs-on,aes128-dh19-tunnel-pfs-on__web_run1.pcap,web_browsing,True,10,10.0,20,4336,20.0,4336.0,216.8,264.4703943236071,124,988,124.0,0.030752683940686677,0.13362574873959995,0.5825579166412354,0.6,0.3726937269372694
aes128-dh19-tunnel-pfs-on,aes128-dh19-tunnel-pfs-on__web_run1.pcap,web_browsing,True,11,11.0,20,4336,20.0,4336.0,216.8,264.4703943236071,124,988,124.0,0.03210410318876568,0.13952857393092744,0.6082849502563477,0.6,0.3726937269372694
aes128-dh19-tunnel-pfs-on,aes128-dh19-tunnel-pfs-on__web_run1.pcap,web_browsing,True,12,12.0,20,4336,20.0,4336.0,216.8,264.4703943236071,124,988,124.0,0.03852105140686035,0.16749218315553147,0.7301771640777588,0.6,0.3726937269372694
aes128-dh19-tunnel-pfs-on,aes128-dh19-tunnel-pfs-on__web_run1.pcap,web_browsing,True,13,13.0,20,4336,20.0,4336.0,216.8,264.4703943236071,124,988,124.0,0.03325921610782021,0.14452457075241804,0.6300709247589111,0.6,0.3726937269372694
aes128-dh19-tunnel-pfs-on,aes128-dh19-tunnel-pfs-on__web_run1.pcap,web_browsing,True,14,14.0,10,2168,10.0,2168.0,216.8,271.7175003565284,124,988,124.0,9.165869818793403e-05,4.6549069405724946e-05,0.00015592575073242188,0.6,0.3726937269372694
aes128-dh19-tunnel-pfs-on,aes128-dh19-tunnel-pfs-on__web_run1.pcap,web_browsing,True,15,15.0,10,2168,10.0,2168.0,216.8,271.7175003565284,124,988,124.0,9.510252210828994e-05,5.628161371894618e-05,0.0002090930938720703,0.6,0.3726937269372694
aes128-dh19-tunnel-pfs-on,aes128-dh19-tunnel-pfs-on__web_run1.pcap,web_browsing,True,16,16.0,10,2168,10.0,2168.0,216.8,271.7175003565284,124,988,124.0,0.00010244051615397136,6.025885142548757e-05,0.0002300739288330078,0.6,0.3726937269372694
aes128-dh19-tunnel-pfs-on,aes128-dh19-tunnel-pfs-on__web_run1.pcap,web_browsing,True,17,17.0,20,4336,20.0,4336.0,216.8,264.4703943236071,124,988,124.0,0.030262733760632966,0.1315657340467112,0.5735611915588379,0.6,0.3726937269372694
aes128-dh19-tunnel-pfs-on,aes128-dh19-tunnel-pfs-on__web_run1.pcap,web_browsing,True,18,18.0,20,4336,20.0,4336.0,216.8,264.4703943236071,124,988,124.0,0.017067256726716693,0.07404891419864466,0.32285094261169434,0.6,0.3726937269372694
aes128-dh2-transport-pfs-off,aes128-dh2-transport-pfs-off__file_transfer_run1.pcap,file_transfer,True,0,0.0,9001,11611724,9001.0,11611724.0,1290.0482168647927,492.07635350103504,108,1500,1500.0,5.3313652674357095e-05,0.0008167970374738145,0.04339313507080078,0.8590156649261194,0.9876500681552541
aes128-dh2-transport-pfs-off,aes128-dh2-transport-pfs-off__icmp_run1.pcap,icmp,True,0,0.0,2,280,2.0,280.0,140.0,0.0,140,140,140.0,0.0002980232238769531,0.0,0.0002980232238769531,0.5,0.5
aes128-dh2-transport-pfs-off,aes128-dh2-transport-pfs-off__icmp_run1.pcap,icmp,True,1,1.0,2,280,2.0,280.0,140.0,0.0,140,140,140.0,9.894371032714844e-05,0.0,9.894371032714844e-05,0.5,0.5
aes128-dh2-transport-pfs-off,aes128-dh2-transport-pfs-off__icmp_run1.pcap,icmp,True,2,2.0,2,280,2.0,280.0,140.0,0.0,140,140,140.0,8.511543273925781e-05,0.0,8.511543273925781e-05,0.5,0.5
aes128-dh2-transport-pfs-off,aes128-dh2-transport-pfs-off__icmp_run1.pcap,icmp,True,3,3.0,2,280,2.0,280.0,140.0,0.0,140,140,140.0,0.00010704994201660156,0.0,0.00010704994201660156,0.5,0.5
aes128-dh2-transport-pfs-off,aes128-dh2-transport-pfs-off__icmp_run1.pcap,icmp,True,4,4.0,2,280,2.0,280.0,140.0,0.0,140,140,140.0,0.0001289844512939453,0.0,0.0001289844512939453,0.5,0.5
aes128-dh2-transport-pfs-off,aes128-dh2-transport-pfs-off__icmp_run1.pcap,icmp,True,5,5.0,2,280,2.0,280.0,140.0,0.0,140,140,140.0,0.0001270771026611328,0.0,0.0001270771026611328,0.5,0.5
aes128-dh2-transport-pfs-off,aes128-dh2-transport-pfs-off__icmp_run1.pcap,icmp,True,6,6.0,2,280,2.0,280.0,140.0,0.0,140,140,140.0,0.000102996826171875,0.0,0.000102996826171875,0.5,0.5
aes128-dh2-transport-pfs-off,aes128-dh2-transport-pfs-off__icmp_run1.pcap,icmp,True,7,7.0,2,280,2.0,280.0,140.0,0.0,140,140,140.0,9.894371032714844e-05,0.0,9.894371032714844e-05,0.5,0.5
aes128-dh2-transport-pfs-off,aes128-dh2-transport-pfs-off__icmp_run1.pcap,icmp,True,8,8.0,2,280,2.0,280.0,140.0,0.0,140,140,140.0,9.202957153320312e-05,0.0,9.202957153320312e-05,0.5,0.5
aes128-dh2-transport-pfs-off,aes128-dh2-transport-pfs-off__icmp_run1.pcap,icmp,True,9,9.0,2,280,2.0,280.0,140.0,0.0,140,140,140.0,0.00012612342834472656,0.0,0.00012612342834472656,0.5,0.5
aes128-dh2-transport-pfs-off,aes128-dh2-transport-pfs-off__video_run1.pcap,video_streaming,True,0,0.0,352,300512,352.0,300512.0,853.7272727272727,690.4576248226474,92,1500,1500.0,0.002661523655948476,0.028338730968624874,0.30758094787597656,0.42045454545454547,0.05569161963582153
aes128-dh2-transport-pfs-off,aes128-dh2-transport-pfs-off__video_run1.pcap,video_streaming,True,1,1.0,231,194196,231.0,194196.0,840.6753246753246,691.7656509734651,108,1500,1500.0,0.002717187093651813,0.028676488387018372,0.308851957321167,0.4329004329004329,0.05759129951183341
aes128-dh2-transport-pfs-off,aes128-dh2-transport-pfs-off__video_run1.pcap,video_streaming,True,2,2.0,168,143152,168.0,143152.0,852.0952380952381,690.6563331470368,108,1500,1500.0,0.003722873276579166,0.03352376393064947,0.3074929714202881,0.4107142857142857,0.055074326589918406
aes128-dh2-transport-pfs-off,aes128-dh2-transport-pfs-off__voip_run1.pcap,voip,True,0,0.0,30,13960,30.0,13960.0,465.3333333333333,81.72845422424835,380,588,444.0,0.014091861659082872,0.03178832143312348,0.09238600730895996,0.5,0.5286532951289399
aes128-dh2-transport-pfs-off,aes128-dh2-transport-pfs-off__web_run1.pcap,web_browsing,True,0,0.0,21,4092,21.0,4092.0,194.85714285714286,253.76884870178327,108,956,108.0,0.04705555438995361,0.2096032398650358,0.9375600814819336,0.5714285714285714,0.3479960899315738
aes128-dh2-transport-pfs-off,aes128-dh2-transport-pfs-off__web_run1.pcap,web_browsing,True,1,1.0,10,1992,10.0,1992.0,199.2,266.6719999466677,108,956,108.0,0.00021224551730685763,0.00034177061688511106,0.0011119842529296875,0.6,0.357429718875502
aes128-dh2-transport-pfs-off,aes128-dh2-transport-pfs-off__web_run1.pcap,web_browsing,True,2,2.0,20,3984,20.0,3984.0,199.2,259.55946484278644,108,956,108.0,0.025957421252602024,0.11247108060280726,0.4904038906097412,0.6,0.357429718875502
aes128-dh2-transport-pfs-off,aes128-dh2-transport-pfs-off__web_run1.pcap,web_browsing,True,3,3.0,20,3984,20.0,3984.0,199.2,259.55946484278644,108,956,108.0,0.023188314939800062,0.10018342396917923,0.436892032623291,0.6,0.357429718875502
aes128-dh2-transport-pfs-off,aes128-dh2-transport-pfs-off__web_run1.pcap,web_browsing,True,4,4.0,10,1992,10.0,1992.0,199.2,266.6719999466677,108,956,108.0,0.00022477573818630644,0.0003759119882429721,0.0012178421020507812,0.6,0.357429718875502
aes128-dh2-transport-pfs-off,aes128-dh2-transport-pfs-off__web_run1.pcap,web_browsing,True,5,5.0,20,3984,20.0,3984.0,199.2,259.55946484278644,108,956,108.0,0.03329994803980777,0.1442302847550622,0.6288950443267822,0.6,0.357429718875502
aes128-dh2-transport-pfs-off,aes128-dh2-transport-pfs-off__web_run1.pcap,web_browsing,True,6,6.0,10,1992,10.0,1992.0,199.2,266.6719999466677,108,956,108.0,0.00018856260511610244,0.00028842160889698364,0.0009479522705078125,0.6,0.357429718875502
aes128-dh2-transport-pfs-off,aes128-dh2-transport-pfs-off__web_run1.pcap,web_browsing,True,7,7.0,20,3984,20.0,3984.0,199.2,259.55946484278644,108,956,108.0,0.03277567813270971,0.14199711400985546,0.6191489696502686,0.6,0.357429718875502
aes128-dh2-transport-pfs-off,aes128-dh2-transport-pfs-off__web_run1.pcap,web_browsing,True,8,8.0,20,3984,20.0,3984.0,199.2,259.55946484278644,108,956,108.0,0.04035957236039011,0.17507918469394967,0.7633450031280518,0.6,0.357429718875502
aes128-dh2-transport-pfs-off,aes128-dh2-transport-pfs-off__web_run1.pcap,web_browsing,True,9,9.0,10,1992,10.0,1992.0,199.2,266.6719999466677,108,956,108.0,0.0002422332763671875,0.0004354947200412243,0.0013899803161621094,0.6,0.357429718875502
aes128-dh2-transport-pfs-off,aes128-dh2-transport-pfs-off__web_run1.pcap,web_browsing,True,10,10.0,10,1992,10.0,1992.0,199.2,266.6719999466677,108,956,108.0,0.0001738866170247396,0.000254298283594383,0.0008399486541748047,0.6,0.357429718875502
aes128-dh2-transport-pfs-off,aes128-dh2-transport-pfs-off__web_run1.pcap,web_browsing,True,11,11.0,20,3984,20.0,3984.0,199.2,259.55946484278644,108,956,108.0,0.016762256622314453,0.07221103947086101,0.3149540424346924,0.6,0.357429718875502
aes128-dh2-transport-pfs-off,aes128-dh2-transport-pfs-off__web_run1.pcap,web_browsing,True,12,12.0,10,1992,10.0,1992.0,199.2,266.6719999466677,108,956,108.0,0.00022424591912163628,0.00031618270490092,0.0010449886322021484,0.6,0.357429718875502
aes128-dh2-transport-pfs-off,aes128-dh2-transport-pfs-off__web_run1.pcap,web_browsing,True,13,13.0,20,3984,20.0,3984.0,199.2,259.55946484278644,108,956,108.0,0.0211042604948345,0.09118394894268854,0.3976449966430664,0.6,0.357429718875502
aes128-dh2-transport-pfs-off,aes128-dh2-transport-pfs-off__web_run1.pcap,web_browsing,True,14,14.0,10,1992,10.0,1992.0,199.2,266.6719999466677,108,956,108.0,0.00014977984958224825,0.00020968730296311362,0.0006940364837646484,0.6,0.357429718875502
aes128-dh2-transport-pfs-off,aes128-dh2-transport-pfs-off__web_run1.pcap,web_browsing,True,15,15.0,20,3984,20.0,3984.0,199.2,259.55946484278644,108,956,108.0,0.026250625911511873,0.11349752053112061,0.4949347972869873,0.6,0.357429718875502
aes128-dh2-transport-pfs-off,aes128-dh2-transport-pfs-off__web_run1.pcap,web_browsing,True,16,16.0,20,3984,20.0,3984.0,199.2,259.55946484278644,108,956,108.0,0.018885311327482526,0.08140224097311054,0.35503196716308594,0.6,0.357429718875502
aes128-dh2-transport-pfs-off,aes128-dh2-transport-pfs-off__web_run1.pcap,web_browsing,True,17,17.0,20,3984,20.0,3984.0,199.2,259.55946484278644,108,956,108.0,0.043569677754452356,0.1890079217637702,0.8240737915039062,0.6,0.357429718875502
aes128-dh2-transport-pfs-off,aes128-dh2-transport-pfs-off__web_run1.pcap,web_browsing,True,18,18.0,10,1992,10.0,1992.0,199.2,266.6719999466677,108,956,108.0,0.0002190007103814019,0.0003379635522646527,0.0011022090911865234,0.6,0.357429718875502
aes128-dh2-transport-pfs-on,aes128-dh2-transport-pfs-on__file_transfer_run1.pcap,file_transfer,True,0,0.0,9180,11578880,9180.0,11578880.0,1261.3159041394335,514.259609805353,108,1500,1500.0,0.00010168166679551053,0.003998663875489812,0.3718268871307373,0.8457516339869281,0.9861637740437763
aes128-dh2-transport-pfs-on,aes128-dh2-transport-pfs-on__icmp_run1.pcap,icmp,True,0,0.0,2,280,2.0,280.0,140.0,0.0,140,140,140.0,0.0003800392150878906,0.0,0.0003800392150878906,0.5,0.5
aes128-dh2-transport-pfs-on,aes128-dh2-transport-pfs-on__icmp_run1.pcap,icmp,True,1,1.0,2,280,2.0,280.0,140.0,0.0,140,140,140.0,9.703636169433594e-05,0.0,9.703636169433594e-05,0.5,0.5
aes128-dh2-transport-pfs-on,aes128-dh2-transport-pfs-on__icmp_run1.pcap,icmp,True,2,2.0,2,280,2.0,280.0,140.0,0.0,140,140,140.0,7.700920104980469e-05,0.0,7.700920104980469e-05,0.5,0.5
aes128-dh2-transport-pfs-on,aes128-dh2-transport-pfs-on__icmp_run1.pcap,icmp,True,3,3.0,2,280,2.0,280.0,140.0,0.0,140,140,140.0,0.00012302398681640625,0.0,0.00012302398681640625,0.5,0.5
aes128-dh2-transport-pfs-on,aes128-dh2-transport-pfs-on__icmp_run1.pcap,icmp,True,4,4.0,2,280,2.0,280.0,140.0,0.0,140,140,140.0,9.298324584960938e-05,0.0,9.298324584960938e-05,0.5,0.5
aes128-dh2-transport-pfs-on,aes128-dh2-transport-pfs-on__icmp_run1.pcap,icmp,True,5,5.0,2,280,2.0,280.0,140.0,0.0,140,140,140.0,0.00011515617370605469,0.0,0.00011515617370605469,0.5,0.5
aes128-dh2-transport-pfs-on,aes128-dh2-transport-pfs-on__icmp_run1.pcap,icmp,True,6,6.0,2,280,2.0,280.0,140.0,0.0,140,140,140.0,0.00010204315185546875,0.0,0.00010204315185546875,0.5,0.5
aes128-dh2-transport-pfs-on,aes128-dh2-transport-pfs-on__icmp_run1.pcap,icmp,True,7,7.0,2,280,2.0,280.0,140.0,0.0,140,140,140.0,8.392333984375e-05,0.0,8.392333984375e-05,0.5,0.5
aes128-dh2-transport-pfs-on,aes128-dh2-transport-pfs-on__icmp_run1.pcap,icmp,True,8,8.0,2,280,2.0,280.0,140.0,0.0,140,140,140.0,0.0001308917999267578,0.0,0.0001308917999267578,0.5,0.5
aes128-dh2-transport-pfs-on,aes128-dh2-transport-pfs-on__icmp_run1.pcap,icmp,True,9,9.0,2,280,2.0,280.0,140.0,0.0,140,140,140.0,9.012222290039062e-05,0.0,9.012222290039062e-05,0.5,0.5
aes128-dh2-transport-pfs-on,aes128-dh2-transport-pfs-on__video_run1.pcap,video_streaming,True,0,0.0,260,233328,260.0,233328.0,897.4153846153846,685.223969637292,108,1500,1500.0,0.0037303744135676205,0.03363706103140495,0.31450891494750977,0.38461538461538464,0.04854968113556881
aes128-dh2-transport-pfs-on,aes128-dh2-transport-pfs-on__video_run1.pcap,video_streaming,True,1,1.0,245,206988,245.0,206988.0,844.8489795918367,691.1315010108628,108,1500,1500.0,0.0026515986098617802,0.028528661344570303,0.3166799545288086,0.4326530612244898,0.05785842657545365
aes128-dh2-transport-pfs-on,aes128-dh2-transport-pfs-on__video_run1.pcap,video_streaming,True,2,2.0,184,139216,184.0,139216.0,756.6086956521739,691.5498544829924,108,1500,108.0,0.003626360919306187,0.033895768937948455,0.33440518379211426,0.483695652173913,0.07145730375818872
aes128-dh2-transport-pfs-on,aes128-dh2-transport-pfs-on__voip_run1.pcap,voip,True,0,0.0,30,13960,30.0,13960.0,465.3333333333333,81.72845422424835,380,588,444.0,0.01407458864409348,0.031898694728126994,0.09281516075134277,0.5,0.5286532951289399
aes128-dh2-transport-pfs-on,aes128-dh2-transport-pfs-on__web_run1.pcap,web_browsing,True,0,0.0,20,3984,20.0,3984.0,199.2,259.55946484278644,108,956,108.0,0.021774994699578536,0.09377743948621138,0.4090240001678467,0.6,0.357429718875502
aes128-dh2-transport-pfs-on,aes128-dh2-transport-pfs-on__web_run1.pcap,web_browsing,True,1,1.0,20,3984,20.0,3984.0,199.2,259.55946484278644,108,956,108.0,0.028232938364932413,0.12233130730489321,0.5333969593048096,0.6,0.357429718875502
aes128-dh2-transport-pfs-on,aes128-dh2-transport-pfs-on__web_run1.pcap,web_browsing,True,2,2.0,10,1992,10.0,1992.0,199.2,266.6719999466677,108,956,108.0,0.00014766057332356772,0.00022520815040493657,0.0007340908050537109,0.6,0.357429718875502
aes128-dh2-transport-pfs-on,aes128-dh2-transport-pfs-on__web_run1.pcap,web_browsing,True,3,3.0,30,5976,30.0,5976.0,199.2,257.3121544497776,108,956,108.0,0.02857627539799131,0.10869517177509748,0.5007209777832031,0.6,0.357429718875502
aes128-dh2-transport-pfs-on,aes128-dh2-transport-pfs-on__web_run1.pcap,web_browsing,True,4,4.0,10,1992,10.0,1992.0,199.2,266.6719999466677,108,956,108.0,0.00010365910000271267,5.435757698910536e-05,0.00022912025451660156,0.6,0.357429718875502
aes128-dh2-transport-pfs-on,aes128-dh2-transport-pfs-on__web_run1.pcap,web_browsing,True,5,5.0,20,3984,20.0,3984.0,199.2,259.55946484278644,108,956,108.0,0.04131937026977539,0.1794133525225279,0.782202959060669,0.6,0.357429718875502
aes128-dh2-transport-pfs-on,aes128-dh2-transport-pfs-on__web_run1.pcap,web_browsing,True,6,6.0,20,3984,20.0,3984.0,199.2,259.55946484278644,108,956,108.0,0.025058583209389133,0.10822678062449,0.47197699546813965,0.6,0.357429718875502
aes128-dh2-transport-pfs-on,aes128-dh2-transport-pfs-on__web_run1.pcap,web_browsing,True,7,7.0,10,1992,10.0,1992.0,199.2,266.6719999466677,108,956,108.0,0.0002166695064968533,0.0003605825394992969,0.0011680126190185547,0.6,0.357429718875502
aes128-dh2-transport-pfs-on,aes128-dh2-transport-pfs-on__web_run1.pcap,web_browsing,True,8,8.0,10,1992,10.0,1992.0,199.2,266.6719999466677,108,956,108.0,0.00021677547030978731,0.0003590125611350641,0.0011608600616455078,0.6,0.357429718875502
aes128-dh2-transport-pfs-on,aes128-dh2-transport-pfs-on__web_run1.pcap,web_browsing,True,9,9.0,10,1992,10.0,1992.0,199.2,266.6719999466677,108,956,108.0,0.0002124309539794922,0.0003348622681789657,0.0010900497436523438,0.6,0.357429718875502
aes128-dh2-transport-pfs-on,aes128-dh2-transport-pfs-on__web_run1.pcap,web_browsing,True,10,10.0,20,3984,20.0,3984.0,199.2,259.55946484278644,108,956,108.0,0.0319355287049946,0.13839829070582466,0.6034479141235352,0.6,0.357429718875502
aes128-dh2-transport-pfs-on,aes128-dh2-transport-pfs-on__web_run1.pcap,web_browsing,True,11,11.0,10,1992,10.0,1992.0,199.2,266.6719999466677,108,956,108.0,0.00021868281894259981,0.00034488402821357243,0.0011298656463623047,0.6,0.357429718875502
aes128-dh2-transport-pfs-on,aes128-dh2-transport-pfs-on__web_run1.pcap,web_browsing,True,12,12.0,10,1992,10.0,1992.0,199.2,266.6719999466677,108,956,108.0,0.00010387102762858073,4.183481831328323e-05,0.00015497207641601562,0.6,0.357429718875502
aes128-dh2-transport-pfs-on,aes128-dh2-transport-pfs-on__web_run1.pcap,web_browsing,True,13,13.0,20,3984,20.0,3984.0,199.2,259.55946484278644,108,956,108.0,0.04407231431258352,0.1914312454500021,0.8345839977264404,0.6,0.357429718875502
aes128-dh2-transport-pfs-on,aes128-dh2-transport-pfs-on__web_run1.pcap,web_browsing,True,14,14.0,10,1992,10.0,1992.0,199.2,266.6719999466677,108,956,108.0,0.00016021728515625,0.00025513534086145,0.0008308887481689453,0.6,0.357429718875502
aes128-dh2-transport-pfs-on,aes128-dh2-transport-pfs-on__web_run1.pcap,web_browsing,True,15,15.0,10,1992,10.0,1992.0,199.2,266.6719999466677,108,956,108.0,0.00021301375495062934,0.0003537679852708584,0.0011448860168457031,0.6,0.357429718875502
aes128-dh2-transport-pfs-on,aes128-dh2-transport-pfs-on__web_run1.pcap,web_browsing,True,16,16.0,10,1992,10.0,1992.0,199.2,266.6719999466677,108,956,108.0,0.0001589987013075087,0.00022953535711586412,0.0007550716400146484,0.6,0.357429718875502
aes128-dh2-transport-pfs-on,aes128-dh2-transport-pfs-on__web_run1.pcap,web_browsing,True,17,17.0,10,1992,10.0,1992.0,199.2,266.6719999466677,108,956,108.0,0.0003795623779296875,0.0005568187564436642,0.0018379688262939453,0.6,0.357429718875502
aes128-dh2-transport-pfs-on,aes128-dh2-transport-pfs-on__web_run1.pcap,web_browsing,True,18,18.0,10,1992,10.0,1992.0,199.2,266.6719999466677,108,956,108.0,0.00021722581651475694,0.00011180397988807011,0.0004649162292480469,0.6,0.357429718875502
aes128-dh2-transport-pfs-on,aes128-dh2-transport-pfs-on__web_run1.pcap,web_browsing,True,19,19.0,20,3984,20.0,3984.0,199.2,259.55946484278644,108,956,108.0,0.049489309913233706,0.2140773260111422,0.9335160255432129,0.6,0.357429718875502
aes128-dh2-transport-pfs-on,aes128-dh2-transport-pfs-on__web_run1.pcap,web_browsing,True,20,20.0,10,1992,10.0,1992.0,199.2,266.6719999466677,108,956,108.0,0.00038366847568088106,0.0006151123076178876,0.002009153366088867,0.6,0.357429718875502
aes128-dh2-tunnel-pfs-off,aes128-dh2-tunnel-pfs-off__file_transfer_run1.pcap,file_transfer,True,0,0.0,7236,7578000,7236.0,7578000.0,1047.2636815920398,636.9200228717668,124,1500,1500.0,0.00013820441245373645,0.001359716551126766,0.057591915130615234,0.6818684355997788,0.9617746107152283
aes128-dh2-tunnel-pfs-off,aes128-dh2-tunnel-pfs-off__file_transfer_run1.pcap,file_transfer,True,1,1.0,4041,4252252,4041.0,4252252.0,1052.2771591190299,635.110170839991,124,1500,1500.0,6.5172544800409e-05,9.045815621436633e-05,0.003362894058227539,0.6852264291017075,0.9626513198182987
aes128-dh2-tunnel-pfs-off,aes128-dh2-tunnel-pfs-off__icmp_run1.pcap,icmp,True,0,0.0,2,312,2.0,312.0,156.0,0.0,156,156,156.0,0.00012302398681640625,0.0,0.00012302398681640625,0.5,0.5
aes128-dh2-tunnel-pfs-off,aes128-dh2-tunnel-pfs-off__icmp_run1.pcap,icmp,True,1,1.0,2,312,2.0,312.0,156.0,0.0,156,156,156.0,0.0003440380096435547,0.0,0.0003440380096435547,0.5,0.5
aes128-dh2-tunnel-pfs-off,aes128-dh2-tunnel-pfs-off__icmp_run1.pcap,icmp,True,2,2.0,2,312,2.0,312.0,156.0,0.0,156,156,156.0,0.0002498626708984375,0.0,0.0002498626708984375,0.5,0.5
aes128-dh2-tunnel-pfs-off,aes128-dh2-tunnel-pfs-off__icmp_run1.pcap,icmp,True,3,3.0,2,312,2.0,312.0,156.0,0.0,156,156,156.0,0.0001659393310546875,0.0,0.0001659393310546875,0.5,0.5
aes128-dh2-tunnel-pfs-off,aes128-dh2-tunnel-pfs-off__icmp_run1.pcap,icmp,True,4,4.0,2,312,2.0,312.0,156.0,0.0,156,156,156.0,0.00019097328186035156,0.0,0.00019097328186035156,0.5,0.5
aes128-dh2-tunnel-pfs-off,aes128-dh2-tunnel-pfs-off__icmp_run1.pcap,icmp,True,5,5.0,2,312,2.0,312.0,156.0,0.0,156,156,156.0,0.0001709461212158203,0.0,0.0001709461212158203,0.5,0.5
aes128-dh2-tunnel-pfs-off,aes128-dh2-tunnel-pfs-off__icmp_run1.pcap,icmp,True,6,6.0,2,312,2.0,312.0,156.0,0.0,156,156,156.0,0.000102996826171875,0.0,0.000102996826171875,0.5,0.5
aes128-dh2-tunnel-pfs-off,aes128-dh2-tunnel-pfs-off__icmp_run1.pcap,icmp,True,7,7.0,2,312,2.0,312.0,156.0,0.0,156,156,156.0,0.0001380443572998047,0.0,0.0001380443572998047,0.5,0.5
aes128-dh2-tunnel-pfs-off,aes128-dh2-tunnel-pfs-off__icmp_run1.pcap,icmp,True,8,8.0,2,312,2.0,312.0,156.0,0.0,156,156,156.0,0.00018596649169921875,0.0,0.00018596649169921875,0.5,0.5
aes128-dh2-tunnel-pfs-off,aes128-dh2-tunnel-pfs-off__icmp_run1.pcap,icmp,True,9,9.0,2,312,2.0,312.0,156.0,0.0,156,156,156.0,0.00011014938354492188,0.0,0.00011014938354492188,0.5,0.5
aes128-dh2-tunnel-pfs-off,aes128-dh2-tunnel-pfs-off__video_run1.pcap,video_streaming,True,0,0.0,297,236956,297.0,236956.0,797.8316498316499,683.8720333870643,124,1500,236.0,0.003309087978826987,0.03171819103952668,0.317824125289917,0.4612794612794613,0.07358328128428906
aes128-dh2-tunnel-pfs-off,aes128-dh2-tunnel-pfs-off__video_run1.pcap,video_streaming,True,1,1.0,222,177624,222.0,177624.0,800.1081081081081,684.2887293992426,124,1500,372.0,0.002985900343812968,0.030187060200056084,0.3197619915008545,0.4594594594594595,0.07309822996892312
aes128-dh2-tunnel-pfs-off,aes128-dh2-tunnel-pfs-off__video_run1.pcap,video_streaming,True,2,2.0,174,127256,174.0,127256.0,731.3563218390805,680.2061227382993,124,1500,124.0,0.0037736010689266844,0.03396123958954061,0.3170349597930908,0.4942528735632184,0.08643993210536242
aes128-dh2-tunnel-pfs-off,aes128-dh2-tunnel-pfs-off__voip_run1.pcap,voip,True,0,0.0,30,14520,30.0,14520.0,484.0,79.02858496379213,396,604,460.0,0.014102722036427465,0.03162681942379828,0.09175896644592285,0.5,0.5247933884297521
aes128-dh2-tunnel-pfs-off,aes128-dh2-tunnel-pfs-off__web_run1.pcap,web_browsing,True,0,0.0,20,4336,20.0,4336.0,216.8,264.4703943236071,124,988,124.0,0.030589153892115542,0.13251997028766893,0.5778279304504395,0.6,0.3726937269372694
aes128-dh2-tunnel-pfs-off,aes128-dh2-tunnel-pfs-off__web_run1.pcap,web_browsing,True,1,1.0,20,4336,20.0,4336.0,216.8,264.4703943236071,124,988,124.0,0.03198215835972836,0.13853120620935302,0.6040441989898682,0.6,0.3726937269372694
aes128-dh2-tunnel-pfs-off,aes128-dh2-tunnel-pfs-off__web_run1.pcap,web_browsing,True,2,2.0,10,2168,10.0,2168.0,216.8,271.7175003565284,124,988,124.0,0.00016922420925564237,9.433513810763242e-05,0.00031304359436035156,0.6,0.3726937269372694
aes128-dh2-tunnel-pfs-off,aes128-dh2-tunnel-pfs-off__web_run1.pcap,web_browsing,True,3,3.0,20,4336,20.0,4336.0,216.8,264.4703943236071,124,988,124.0,0.02848547383358604,0.12339261650196078,0.5380330085754395,0.6,0.3726937269372694
aes128-dh2-tunnel-pfs-off,aes128-dh2-tunnel-pfs-off__web_run1.pcap,web_browsing,True,4,4.0,20,4336,20.0,4336.0,216.8,264.4703943236071,124,988,124.0,0.03530873750385485,0.15307736537003247,0.6674389839172363,0.6,0.3726937269372694
aes128-dh2-tunnel-pfs-off,aes128-dh2-tunnel-pfs-off__web_run1.pcap,web_browsing,True,5,5.0,10,2168,10.0,2168.0,216.8,271.7175003565284,124,988,124.0,0.0001788934071858724,9.080023765612794e-05,0.00029206275939941406,0.6,0.3726937269372694
aes128-dh2-tunnel-pfs-off,aes128-dh2-tunnel-pfs-off__web_run1.pcap,web_browsing,True,6,6.0,20,4336,20.0,4336.0,216.8,264.4703943236071,124,988,124.0,0.04857979322734632,0.2108535342011061,0.9192957878112793,0.6,0.3726937269372694
aes128-dh2-tunnel-pfs-off,aes128-dh2-tunnel-pfs-off__web_run1.pcap,web_browsing,True,7,7.0,20,4336,20.0,4336.0,216.8,264.4703943236071,124,988,124.0,0.02146241539403012,0.09278952896162626,0.404634952545166,0.6,0.3726937269372694
aes128-dh2-tunnel-pfs-off,aes128-dh2-tunnel-pfs-off__web_run1.pcap,web_browsing,True,8,8.0,10,2168,10.0,2168.0,216.8,271.7175003565284,124,988,124.0,0.00017711851331922744,0.00010708567523964149,0.0003750324249267578,0.6,0.3726937269372694
aes128-dh2-tunnel-pfs-off,aes128-dh2-tunnel-pfs-off__web_run1.pcap,web_browsing,True,9,9.0,20,4336,20.0,4336.0,216.8,264.4703943236071,124,988,124.0,0.02314473453320955,0.10010074261213389,0.4365088939666748,0.6,0.3726937269372694
aes128-dh2-tunnel-pfs-off,aes128-dh2-tunnel-pfs-off__web_run1.pcap,web_browsing,True,10,10.0,10,2168,10.0,2168.0,216.8,271.7175003565284,124,988,124.0,0.00017611185709635416,0.00012774953818665645,0.0004210472106933594,0.6,0.3726937269372694
aes128-dh2-tunnel-pfs-off,aes128-dh2-tunnel-pfs-off__web_run1.pcap,web_browsing,True,11,11.0,10,2168,10.0,2168.0,216.8,271.7175003565284,124,988,124.0,0.00017123752170138888,0.00013150550382296305,0.00043487548828125,0.6,0.3726937269372694
aes128-dh2-tunnel-pfs-off,aes128-dh2-tunnel-pfs-off__web_run1.pcap,web_browsing,True,12,12.0,20,4336,20.0,4336.0,216.8,264.4703943236071,124,988,124.0,0.02599358558654785,0.11241083560185099,0.4901919364929199,0.6,0.3726937269372694
aes128-dh2-tunnel-pfs-off,aes128-dh2-tunnel-pfs-off__web_run1.pcap,web_browsing,True,13,13.0,10,2168,10.0,2168.0,216.8,271.7175003565284,124,988,124.0,0.00015534294976128472,9.584613039624373e-05,0.00030517578125,0.6,0.3726937269372694
aes128-dh2-tunnel-pfs-off,aes128-dh2-tunnel-pfs-off__web_run1.pcap,web_browsing,True,14,14.0,20,4336,20.0,4336.0,216.8,264.4703943236071,124,988,124.0,0.019733679922003495,0.08523232294640448,0.37169885635375977,0.6,0.3726937269372694
aes128-dh2-tunnel-pfs-off,aes128-dh2-tunnel-pfs-off__web_run1.pcap,web_browsing,True,15,15.0,10,2168,10.0,2168.0,216.8,271.7175003565284,124,988,124.0,0.0002162456512451172,0.00012077936714511955,0.0004630088806152344,0.6,0.3726937269372694
aes128-dh2-tunnel-pfs-off,aes128-dh2-tunnel-pfs-off__web_run1.pcap,web_browsing,True,16,16.0,10,2168,10.0,2168.0,216.8,271.7175003565284,124,988,124.0,0.00017987357245551216,8.716825116217608e-05,0.0003380775451660156,0.6,0.3726937269372694
aes128-dh2-tunnel-pfs-off,aes128-dh2-tunnel-pfs-off__web_run1.pcap,web_browsing,True,17,17.0,30,6504,30.0,6504.0,216.8,262.18056426032433,124,988,124.0,0.030278756700713057,0.11296840683864577,0.4724259376525879,0.6,0.3726937269372694
aes128-dh2-tunnel-pfs-off,aes128-dh2-tunnel-pfs-off__web_run1.pcap,web_browsing,True,18,18.0,10,2168,10.0,2168.0,216.8,271.7175003565284,124,988,124.0,0.0002452267540825738,0.0001848881168179941,0.0005698204040527344,0.6,0.3726937269372694
aes128-dh2-tunnel-pfs-on,aes128-dh2-tunnel-pfs-on__file_transfer_run1.pcap,file_transfer,True,0,0.0,6531,6678740,6531.0,6678740.0,1022.6213443576787,645.7218251182844,124,1500,1500.0,0.0001531309227118266,0.0012983845432508361,0.06102585792541504,0.6639105803092942,0.9586430973506979
aes128-dh2-tunnel-pfs-on,aes128-dh2-tunnel-pfs-on__file_transfer_run1.pcap,file_transfer,True,1,1.0,5055,5189828,5055.0,5189828.0,1026.672205736894,644.4886101614217,124,1500,1500.0,0.00010941412593236213,8.503825468884523e-05,0.0035610198974609375,0.6660731948565777,0.9594221619676028
aes128-dh2-tunnel-pfs-on,aes128-dh2-tunnel-pfs-on__icmp_run1.pcap,icmp,True,0,0.0,2,312,2.0,312.0,156.0,0.0,156,156,156.0,0.000164031982421875,0.0,0.000164031982421875,0.5,0.5
aes128-dh2-tunnel-pfs-on,aes128-dh2-tunnel-pfs-on__icmp_run1.pcap,icmp,True,1,1.0,2,312,2.0,312.0,156.0,0.0,156,156,156.0,0.00013303756713867188,0.0,0.00013303756713867188,0.5,0.5
aes128-dh2-tunnel-pfs-on,aes128-dh2-tunnel-pfs-on__icmp_run1.pcap,icmp,True,2,2.0,2,312,2.0,312.0,156.0,0.0,156,156,156.0,0.00011396408081054688,0.0,0.00011396408081054688,0.5,0.5
aes128-dh2-tunnel-pfs-on,aes128-dh2-tunnel-pfs-on__icmp_run1.pcap,icmp,True,3,3.0,2,312,2.0,312.0,156.0,0.0,156,156,156.0,0.00017714500427246094,0.0,0.00017714500427246094,0.5,0.5
aes128-dh2-tunnel-pfs-on,aes128-dh2-tunnel-pfs-on__icmp_run1.pcap,icmp,True,4,4.0,2,312,2.0,312.0,156.0,0.0,156,156,156.0,0.00016188621520996094,0.0,0.00016188621520996094,0.5,0.5
aes128-dh2-tunnel-pfs-on,aes128-dh2-tunnel-pfs-on__icmp_run1.pcap,icmp,True,5,5.0,2,312,2.0,312.0,156.0,0.0,156,156,156.0,0.0001361370086669922,0.0,0.0001361370086669922,0.5,0.5
aes128-dh2-tunnel-pfs-on,aes128-dh2-tunnel-pfs-on__icmp_run1.pcap,icmp,True,6,6.0,2,312,2.0,312.0,156.0,0.0,156,156,156.0,0.000244140625,0.0,0.000244140625,0.5,0.5
aes128-dh2-tunnel-pfs-on,aes128-dh2-tunnel-pfs-on__icmp_run1.pcap,icmp,True,7,7.0,2,312,2.0,312.0,156.0,0.0,156,156,156.0,0.00023293495178222656,0.0,0.00023293495178222656,0.5,0.5
aes128-dh2-tunnel-pfs-on,aes128-dh2-tunnel-pfs-on__icmp_run1.pcap,icmp,True,8,8.0,2,312,2.0,312.0,156.0,0.0,156,156,156.0,0.0001239776611328125,0.0,0.0001239776611328125,0.5,0.5
aes128-dh2-tunnel-pfs-on,aes128-dh2-tunnel-pfs-on__icmp_run1.pcap,icmp,True,9,9.0,2,312,2.0,312.0,156.0,0.0,156,156,156.0,0.0001270771026611328,0.0,0.0001270771026611328,0.5,0.5
aes128-dh2-tunnel-pfs-on,aes128-dh2-tunnel-pfs-on__video_run1.pcap,video_streaming,True,0,0.0,295,236708,295.0,236708.0,802.4,683.9245214352298,124,1500,508.0,0.003318034061769239,0.03173762484644058,0.3161301612854004,0.4576271186440678,0.07261267046318672
aes128-dh2-tunnel-pfs-on,aes128-dh2-tunnel-pfs-on__video_run1.pcap,video_streaming,True,1,1.0,226,178120,226.0,178120.0,788.141592920354,684.0390225029452,124,1500,236.0,0.0029901864793565537,0.030518556570282757,0.3280148506164551,0.4690265486725664,0.07567931731417023
aes128-dh2-tunnel-pfs-on,aes128-dh2-tunnel-pfs-on__video_run1.pcap,video_streaming,True,2,2.0,162,125768,162.0,125768.0,776.3456790123457,683.8384023357883,124,1500,180.0,0.004105514621142275,0.03567289262430226,0.32210493087768555,0.4567901234567901,0.0756313211627759
aes128-dh2-tunnel-pfs-on,aes128-dh2-tunnel-pfs-on__voip_run1.pcap,voip,True,0,0.0,30,14520,30.0,14520.0,484.0,79.02858496379213,396,604,460.0,0.0140902749423323,0.03177375953618901,0.0926961898803711,0.5,0.5247933884297521
aes128-dh2-tunnel-pfs-on,aes128-dh2-tunnel-pfs-on__web_run1.pcap,web_browsing,True,0,0.0,30,6504,30.0,6504.0,216.8,262.18056426032433,124,988,124.0,0.030309027638928645,0.11280243762091839,0.46299195289611816,0.6,0.3726937269372694
aes128-dh2-tunnel-pfs-on,aes128-dh2-tunnel-pfs-on__web_run1.pcap,web_browsing,True,1,1.0,20,4336,20.0,4336.0,216.8,264.4703943236071,124,988,124.0,0.038559524636519585,0.16730997163560554,0.7294631004333496,0.6,0.3726937269372694
aes128-dh2-tunnel-pfs-on,aes128-dh2-tunnel-pfs-on__web_run1.pcap,web_browsing,True,2,2.0,10,2168,10.0,2168.0,216.8,271.7175003565284,124,988,124.0,0.00017256206936306425,0.00012047428918004803,0.0004200935363769531,0.6,0.3726937269372694
aes128-dh2-tunnel-pfs-on,aes128-dh2-tunnel-pfs-on__web_run1.pcap,web_browsing,True,3,3.0,10,2168,10.0,2168.0,216.8,271.7175003565284,124,988,124.0,0.00018133057488335503,0.00013218827327365245,0.0004279613494873047,0.6,0.3726937269372694
aes128-dh2-tunnel-pfs-on,aes128-dh2-tunnel-pfs-on__web_run1.pcap,web_browsing,True,4,4.0,20,4336,20.0,4336.0,216.8,264.4703943236071,124,988,124.0,0.02796215760080438,0.12106381778046374,0.5278928279876709,0.6,0.3726937269372694
aes128-dh2-tunnel-pfs-on,aes128-dh2-tunnel-pfs-on__web_run1.pcap,web_browsing,True,5,5.0,10,2168,10.0,2168.0,216.8,271.7175003565284,124,988,124.0,0.00017187330457899306,0.00011963033494520611,0.00039386749267578125,0.6,0.3726937269372694
aes128-dh2-tunnel-pfs-on,aes128-dh2-tunnel-pfs-on__web_run1.pcap,web_browsing,True,6,6.0,10,2168,10.0,2168.0,216.8,271.7175003565284,124,988,124.0,0.0002174642350938585,8.033578009290126e-05,0.0002930164337158203,0.6,0.3726937269372694
aes128-dh2-tunnel-pfs-on,aes128-dh2-tunnel-pfs-on__web_run1.pcap,web_browsing,True,7,7.0,10,2168,10.0,2168.0,216.8,271.7175003565284,124,988,124.0,0.000181224611070421,9.310470226396463e-05,0.0003509521484375,0.6,0.3726937269372694
aes128-dh2-tunnel-pfs-on,aes128-dh2-tunnel-pfs-on__web_run1.pcap,web_browsing,True,8,8.0,10,2168,10.0,2168.0,216.8,271.7175003565284,124,988,124.0,0.00017944971720377603,9.142287800356916e-05,0.0002980232238769531,0.6,0.3726937269372694
aes128-dh2-tunnel-pfs-on,aes128-dh2-tunnel-pfs-on__web_run1.pcap,web_browsing,True,9,9.0,20,4336,20.0,4336.0,216.8,264.4703943236071,124,988,124.0,0.024261675382915297,0.10499338541790222,0.45782995223999023,0.6,0.3726937269372694
aes128-dh2-tunnel-pfs-on,aes128-dh2-tunnel-pfs-on__web_run1.pcap,web_browsing,True,10,10.0,10,2168,10.0,2168.0,216.8,271.7175003565284,124,988,124.0,0.00017921129862467447,0.00013481210898074397,0.0004458427429199219,0.6,0.3726937269372694
aes128-dh2-tunnel-pfs-on,aes128-dh2-tunnel-pfs-on__web_run1.pcap,web_browsing,True,11,11.0,20,4336,20.0,4336.0,216.8,264.4703943236071,124,988,124.0,0.051191317407708416,0.22231254661078548,0.9692270755767822,0.6,0.3726937269372694
aes128-dh2-tunnel-pfs-on,aes128-dh2-tunnel-pfs-on__web_run1.pcap,web_browsing,True,12,12.0,10,2168,10.0,2168.0,216.8,271.7175003565284,124,988,124.0,0.00018167495727539062,0.0001222560864080313,0.0004019737243652344,0.6,0.3726937269372694
aes128-dh2-tunnel-pfs-on,aes128-dh2-tunnel-pfs-on__web_run1.pcap,web_browsing,True,13,13.0,10,2168,10.0,2168.0,216.8,271.7175003565284,124,988,124.0,0.00017976760864257812,0.00015698632370889342,0.0005271434783935547,0.6,0.3726937269372694
aes128-dh2-tunnel-pfs-on,aes128-dh2-tunnel-pfs-on__web_run1.pcap,web_browsing,True,14,14.0,10,2168,10.0,2168.0,216.8,271.7175003565284,124,988,124.0,0.00014787250094943575,0.00010282053652565624,0.00039505958557128906,0.6,0.3726937269372694
aes128-dh2-tunnel-pfs-on,aes128-dh2-tunnel-pfs-on__web_run1.pcap,web_browsing,True,15,15.0,10,2168,10.0,2168.0,216.8,271.7175003565284,124,988,124.0,0.00020345052083333334,9.582818012520545e-05,0.0003380775451660156,0.6,0.3726937269372694
aes128-dh2-tunnel-pfs-on,aes128-dh2-tunnel-pfs-on__web_run1.pcap,web_browsing,True,16,16.0,10,2168,10.0,2168.0,216.8,271.7175003565284,124,988,124.0,0.00018901295132107206,0.00011447175783727577,0.0004010200500488281,0.6,0.3726937269372694
aes128-dh2-tunnel-pfs-on,aes128-dh2-tunnel-pfs-on__web_run1.pcap,web_browsing,True,17,17.0,20,4336,20.0,4336.0,216.8,264.4703943236071,124,988,124.0,0.04961326247767398,0.21538405882133949,0.9390380382537842,0.6,0.3726937269372694
aes128-dh2-tunnel-pfs-on,aes128-dh2-tunnel-pfs-on__web_run1.pcap,web_browsing,True,18,18.0,20,4336,20.0,4336.0,216.8,264.4703943236071,124,988,124.0,0.017786201677824322,0.07670332095908076,0.3345308303833008,0.6,0.3726937269372694
aes128-dh2-tunnel-pfs-on,aes128-dh2-tunnel-pfs-on__web_run1.pcap,web_browsing,True,19,19.0,10,2168,10.0,2168.0,216.8,271.7175003565284,124,988,124.0,0.00020276175604926216,0.00015407172846551565,0.0005009174346923828,0.6,0.3726937269372694
aes128-dh2-tunnel-pfs-on,aes128-dh2-tunnel-pfs-on__web_run1.pcap,web_browsing,True,20,20.0,10,2168,10.0,2168.0,216.8,271.7175003565284,124,988,124.0,0.00019277466668023003,9.05355989709017e-05,0.0003268718719482422,0.6,0.3726937269372694
aes128-dh2-tunnel-pfs-on,aes128-dh2-tunnel-pfs-on__web_run1.pcap,web_browsing,True,21,21.0,10,2168,10.0,2168.0,216.8,271.7175003565284,124,988,124.0,0.00019555621676974825,0.00011656448538183157,0.0003590583801269531,0.6,0.3726937269372694
aes128gcm16-dh14-transport-pfs-off,aes128gcm16-dh14-transport-pfs-off__file_transfer_run1.pcap,file_transfer,True,0,0.0,8802,11264972,8802.0,11264972.0,1279.8195864576232,500.48185865456117,88,1500,1500.0,9.549572960569999e-05,0.0011093360648065803,0.06078386306762695,0.8737786866621222,0.9907756539474755
aes128gcm16-dh14-transport-pfs-off,aes128gcm16-dh14-transport-pfs-off__icmp_run1.pcap,icmp,True,0,0.0,2,240,2.0,240.0,120.0,0.0,120,120,120.0,0.0007500648498535156,0.0,0.0007500648498535156,0.5,0.5
aes128gcm16-dh14-transport-pfs-off,aes128gcm16-dh14-transport-pfs-off__icmp_run1.pcap,icmp,True,1,1.0,2,240,2.0,240.0,120.0,0.0,120,120,120.0,0.00015401840209960938,0.0,0.00015401840209960938,0.5,0.5
aes128gcm16-dh14-transport-pfs-off,aes128gcm16-dh14-transport-pfs-off__icmp_run1.pcap,icmp,True,2,2.0,2,240,2.0,240.0,120.0,0.0,120,120,120.0,0.00021791458129882812,0.0,0.00021791458129882812,0.5,0.5
aes128gcm16-dh14-transport-pfs-off,aes128gcm16-dh14-transport-pfs-off__icmp_run1.pcap,icmp,True,3,3.0,2,240,2.0,240.0,120.0,0.0,120,120,120.0,0.0001499652862548828,0.0,0.0001499652862548828,0.5,0.5
aes128gcm16-dh14-transport-pfs-off,aes128gcm16-dh14-transport-pfs-off__icmp_run1.pcap,icmp,True,4,4.0,2,240,2.0,240.0,120.0,0.0,120,120,120.0,0.0002009868621826172,0.0,0.0002009868621826172,0.5,0.5
aes128gcm16-dh14-transport-pfs-off,aes128gcm16-dh14-transport-pfs-off__icmp_run1.pcap,icmp,True,5,5.0,2,240,2.0,240.0,120.0,0.0,120,120,120.0,0.00017189979553222656,0.0,0.00017189979553222656,0.5,0.5
aes128gcm16-dh14-transport-pfs-off,aes128gcm16-dh14-transport-pfs-off__icmp_run1.pcap,icmp,True,6,6.0,2,240,2.0,240.0,120.0,0.0,120,120,120.0,0.00023293495178222656,0.0,0.00023293495178222656,0.5,0.5
aes128gcm16-dh14-transport-pfs-off,aes128gcm16-dh14-transport-pfs-off__icmp_run1.pcap,icmp,True,7,7.0,2,240,2.0,240.0,120.0,0.0,120,120,120.0,0.00013017654418945312,0.0,0.00013017654418945312,0.5,0.5
aes128gcm16-dh14-transport-pfs-off,aes128gcm16-dh14-transport-pfs-off__icmp_run1.pcap,icmp,True,8,8.0,2,240,2.0,240.0,120.0,0.0,120,120,120.0,0.0002410411834716797,0.0,0.0002410411834716797,0.5,0.5
aes128gcm16-dh14-transport-pfs-off,aes128gcm16-dh14-transport-pfs-off__icmp_run1.pcap,icmp,True,9,9.0,2,240,2.0,240.0,120.0,0.0,120,120,120.0,0.00016498565673828125,0.0,0.00016498565673828125,0.5,0.5
aes128gcm16-dh14-transport-pfs-off,aes128gcm16-dh14-transport-pfs-off__video_run1.pcap,video_streaming,True,0,0.0,290,251484,290.0,251484.0,867.1862068965518,694.8258399814862,88,1500,1500.0,0.0033384111925804905,0.032093121230271915,0.317425012588501,0.40344827586206894,0.04521957659334192
aes128gcm16-dh14-transport-pfs-off,aes128gcm16-dh14-transport-pfs-off__video_run1.pcap,video_streaming,True,1,1.0,262,214472,262.0,214472.0,818.5954198473282,698.3108550259984,88,1500,1500.0,0.002482873726621898,0.02763781684033113,0.31873202323913574,0.44656488549618323,0.053638703420493115
aes128gcm16-dh14-transport-pfs-off,aes128gcm16-dh14-transport-pfs-off__video_run1.pcap,video_streaming,True,2,2.0,178,138136,178.0,138136.0,776.0449438202247,697.9964856744184,88,1500,204.0,0.0036193785694359384,0.03329685031417866,0.3142688274383545,0.4606741573033708,0.05904326171309434
aes128gcm16-dh14-transport-pfs-off,aes128gcm16-dh14-transport-pfs-off__voip_run1.pcap,voip,True,0,0.0,30,13480,30.0,13480.0,449.3333333333333,81.05057311517822,364,576,424.0,0.014050039751776334,0.0317777498696304,0.09272384643554688,0.5,0.5281899109792285
aes128gcm16-dh14-transport-pfs-off,aes128gcm16-dh14-transport-pfs-off__web_run1.pcap,web_browsing,True,0,0.0,30,5484,30.0,5484.0,182.8,260.3131270949105,88,948,88.0,0.026577998851907664,0.0988989609660079,0.4268960952758789,0.6,0.33260393873085337
aes128gcm16-dh14-transport-pfs-off,aes128gcm16-dh14-transport-pfs-off__web_run1.pcap,web_browsing,True,1,1.0,10,1828,10.0,1828.0,182.8,269.78213432323497,88,948,88.0,0.00035887294345431856,0.0005329640932276034,0.001737833023071289,0.6,0.33260393873085337
aes128gcm16-dh14-transport-pfs-off,aes128gcm16-dh14-transport-pfs-off__web_run1.pcap,web_browsing,True,2,2.0,11,1916,11.0,1916.0,174.1818181818182,257.52895688905284,88,948,88.0,0.0004190206527709961,0.0005644744272855039,0.0019230842590332031,0.5454545454545454,0.3173277661795407
aes128gcm16-dh14-transport-pfs-off,aes128gcm16-dh14-transport-pfs-off__web_run1.pcap,web_browsing,True,3,3.0,10,1828,10.0,1828.0,182.8,269.78213432323497,88,948,88.0,0.0004048877292209201,0.0006729159104720744,0.002151966094970703,0.6,0.33260393873085337
aes128gcm16-dh14-transport-pfs-off,aes128gcm16-dh14-transport-pfs-off__web_run1.pcap,web_browsing,True,4,4.0,20,3656,20.0,3656.0,182.8,262.5866473536327,88,948,88.0,0.034411731519197165,0.14873265318082313,0.6485979557037354,0.6,0.33260393873085337
aes128gcm16-dh14-transport-pfs-off,aes128gcm16-dh14-transport-pfs-off__web_run1.pcap,web_browsing,True,5,5.0,10,1828,10.0,1828.0,182.8,269.78213432323497,88,948,88.0,0.00042245123121473525,0.0007254651071968895,0.0023469924926757812,0.6,0.33260393873085337
aes128gcm16-dh14-transport-pfs-off,aes128gcm16-dh14-transport-pfs-off__web_run1.pcap,web_browsing,True,6,6.0,20,3656,20.0,3656.0,182.8,262.5866473536327,88,948,88.0,0.04091778554414448,0.17659668692465683,0.7701661586761475,0.6,0.33260393873085337
aes128gcm16-dh14-transport-pfs-off,aes128gcm16-dh14-transport-pfs-off__web_run1.pcap,web_browsing,True,7,7.0,10,1828,10.0,1828.0,182.8,269.78213432323497,88,948,88.0,0.00040154986911349825,0.000593393307224556,0.001964092254638672,0.6,0.33260393873085337
aes128gcm16-dh14-transport-pfs-off,aes128gcm16-dh14-transport-pfs-off__web_run1.pcap,web_browsing,True,8,8.0,10,1828,10.0,1828.0,182.8,269.78213432323497,88,948,88.0,0.00041664971245659725,0.0007229254416076609,0.0022971630096435547,0.6,0.33260393873085337
aes128gcm16-dh14-transport-pfs-off,aes128gcm16-dh14-transport-pfs-off__web_run1.pcap,web_browsing,True,9,9.0,20,3656,20.0,3656.0,182.8,262.5866473536327,88,948,88.0,0.025938209734464947,0.11121120911995717,0.48517394065856934,0.6,0.33260393873085337
aes128gcm16-dh14-transport-pfs-off,aes128gcm16-dh14-transport-pfs-off__web_run1.pcap,web_browsing,True,10,10.0,20,3656,20.0,3656.0,182.8,262.5866473536327,88,948,88.0,0.018217839692768297,0.07773244393362261,0.3392040729522705,0.6,0.33260393873085337
aes128gcm16-dh14-transport-pfs-off,aes128gcm16-dh14-transport-pfs-off__web_run1.pcap,web_browsing,True,11,11.0,20,3656,20.0,3656.0,182.8,262.5866473536327,88,948,88.0,0.02979589763440584,0.12852624217134653,0.5605390071868896,0.6,0.33260393873085337
aes128gcm16-dh14-transport-pfs-off,aes128gcm16-dh14-transport-pfs-off__web_run1.pcap,web_browsing,True,12,12.0,10,1828,10.0,1828.0,182.8,269.78213432323497,88,948,88.0,0.0005178716447618273,0.000812966814215853,0.002650022506713867,0.6,0.33260393873085337
aes128gcm16-dh14-transport-pfs-off,aes128gcm16-dh14-transport-pfs-off__web_run1.pcap,web_browsing,True,13,13.0,10,1828,10.0,1828.0,182.8,269.78213432323497,88,948,88.0,0.00042176246643066406,0.0005896414662305702,0.0019729137420654297,0.6,0.33260393873085337
aes128gcm16-dh14-transport-pfs-off,aes128gcm16-dh14-transport-pfs-off__web_run1.pcap,web_browsing,True,14,14.0,20,3656,20.0,3656.0,182.8,262.5866473536327,88,948,88.0,0.01890674390290913,0.08105382149372488,0.35361289978027344,0.6,0.33260393873085337
aes128gcm16-dh14-transport-pfs-off,aes128gcm16-dh14-transport-pfs-off__web_run1.pcap,web_browsing,True,15,15.0,10,1828,10.0,1828.0,182.8,269.78213432323497,88,948,88.0,0.00036655531989203557,0.0005886288689296012,0.0019140243530273438,0.6,0.33260393873085337
aes128gcm16-dh14-transport-pfs-off,aes128gcm16-dh14-transport-pfs-off__web_run1.pcap,web_browsing,True,16,16.0,20,3656,20.0,3656.0,182.8,262.5866473536327,88,948,88.0,0.047132943805895354,0.20398211761040053,0.8894720077514648,0.6,0.33260393873085337
aes128gcm16-dh14-transport-pfs-off,aes128gcm16-dh14-transport-pfs-off__web_run1.pcap,web_browsing,True,17,17.0,20,3656,20.0,3656.0,182.8,262.5866473536327,88,948,88.0,0.02568005260668303,0.11075293295533707,0.4830300807952881,0.6,0.33260393873085337
aes128gcm16-dh14-transport-pfs-off,aes128gcm16-dh14-transport-pfs-off__web_run1.pcap,web_browsing,True,18,18.0,20,3656,20.0,3656.0,182.8,262.5866473536327,88,948,88.0,0.02904057502746582,0.12536453889692548,0.5467281341552734,0.6,0.33260393873085337
aes128gcm16-dh14-transport-pfs-on,aes128gcm16-dh14-transport-pfs-on__file_transfer_run1.pcap,file_transfer,True,0,0.0,8485,11246372,8485.0,11246372.0,1325.441602828521,453.8843779657057,88,1500,1500.0,0.00011782284223600583,0.0012163611231766928,0.06108903884887695,0.9002946375957572,0.9927720690725863
aes128gcm16-dh14-transport-pfs-on,aes128gcm16-dh14-transport-pfs-on__file_transfer_run1.pcap,file_transfer,True,1,1.0,2,176,2.0,176.0,88.0,0.0,88,88,88.0,0.00045299530029296875,0.0,0.00045299530029296875,0.5,0.5
aes128gcm16-dh14-transport-pfs-on,aes128gcm16-dh14-transport-pfs-on__icmp_run1.pcap,icmp,True,0,0.0,2,240,2.0,240.0,120.0,0.0,120,120,120.0,0.00018906593322753906,0.0,0.00018906593322753906,0.5,0.5
aes128gcm16-dh14-transport-pfs-on,aes128gcm16-dh14-transport-pfs-on__icmp_run1.pcap,icmp,True,1,1.0,2,240,2.0,240.0,120.0,0.0,120,120,120.0,0.0001361370086669922,0.0,0.0001361370086669922,0.5,0.5
aes128gcm16-dh14-transport-pfs-on,aes128gcm16-dh14-transport-pfs-on__icmp_run1.pcap,icmp,True,2,2.0,2,240,2.0,240.0,120.0,0.0,120,120,120.0,0.0001308917999267578,0.0,0.0001308917999267578,0.5,0.5
aes128gcm16-dh14-transport-pfs-on,aes128gcm16-dh14-transport-pfs-on__icmp_run1.pcap,icmp,True,3,3.0,2,240,2.0,240.0,120.0,0.0,120,120,120.0,0.0006279945373535156,0.0,0.0006279945373535156,0.5,0.5
aes128gcm16-dh14-transport-pfs-on,aes128gcm16-dh14-transport-pfs-on__icmp_run1.pcap,icmp,True,4,4.0,2,240,2.0,240.0,120.0,0.0,120,120,120.0,0.00014710426330566406,0.0,0.00014710426330566406,0.5,0.5
aes128gcm16-dh14-transport-pfs-on,aes128gcm16-dh14-transport-pfs-on__icmp_run1.pcap,icmp,True,5,5.0,2,240,2.0,240.0,120.0,0.0,120,120,120.0,0.0001819133758544922,0.0,0.0001819133758544922,0.5,0.5
aes128gcm16-dh14-transport-pfs-on,aes128gcm16-dh14-transport-pfs-on__icmp_run1.pcap,icmp,True,6,6.0,2,240,2.0,240.0,120.0,0.0,120,120,120.0,0.0002791881561279297,0.0,0.0002791881561279297,0.5,0.5
aes128gcm16-dh14-transport-pfs-on,aes128gcm16-dh14-transport-pfs-on__icmp_run1.pcap,icmp,True,7,7.0,2,240,2.0,240.0,120.0,0.0,120,120,120.0,0.0001621246337890625,0.0,0.0001621246337890625,0.5,0.5
aes128gcm16-dh14-transport-pfs-on,aes128gcm16-dh14-transport-pfs-on__icmp_run1.pcap,icmp,True,8,8.0,2,240,2.0,240.0,120.0,0.0,120,120,120.0,0.0002219676971435547,0.0,0.0002219676971435547,0.5,0.5
aes128gcm16-dh14-transport-pfs-on,aes128gcm16-dh14-transport-pfs-on__icmp_run1.pcap,icmp,True,9,9.0,2,240,2.0,240.0,120.0,0.0,120,120,120.0,0.00025391578674316406,0.0,0.00025391578674316406,0.5,0.5
aes128gcm16-dh14-transport-pfs-on,aes128gcm16-dh14-transport-pfs-on__video_run1.pcap,video_streaming,True,0,0.0,346,278236,346.0,278236.0,804.150289017341,697.9365532913476,88,1500,884.0,0.0027913563493369284,0.02929471859152733,0.3162271976470947,0.45664739884393063,0.056153768743081416
aes128gcm16-dh14-transport-pfs-on,aes128gcm16-dh14-transport-pfs-on__video_run1.pcap,video_streaming,True,1,1.0,225,192552,225.0,192552.0,855.7866666666666,696.1692815482658,88,1500,1500.0,0.0028909636395318167,0.029790651682486322,0.3183400630950928,0.41333333333333333,0.04717686650878724
aes128gcm16-dh14-transport-pfs-on,aes128gcm16-dh14-transport-pfs-on__video_run1.pcap,video_streaming,True,2,2.0,149,119520,149.0,119520.0,802.1476510067114,700.2488397072407,88,1500,884.0,0.004363884796967378,0.03667990004202292,0.3169429302215576,0.42953020134228187,0.05053547523427041
aes128gcm16-dh14-transport-pfs-on,aes128gcm16-dh14-transport-pfs-on__voip_run1.pcap,voip,True,0,0.0,30,13480,30.0,13480.0,449.3333333333333,81.05057311517822,364,576,424.0,0.01407572318767679,0.03169560343805515,0.09236907958984375,0.5,0.5281899109792285
aes128gcm16-dh14-transport-pfs-on,aes128gcm16-dh14-transport-pfs-on__web_run1.pcap,web_browsing,True,0,0.0,20,3656,20.0,3656.0,182.8,262.5866473536327,88,948,88.0,0.042117683511031304,0.1821702873557084,0.7943840026855469,0.6,0.33260393873085337
aes128gcm16-dh14-transport-pfs-on,aes128gcm16-dh14-transport-pfs-on__web_run1.pcap,web_browsing,True,1,1.0,10,1828,10.0,1828.0,182.8,269.78213432323497,88,948,88.0,0.00040711296929253475,0.0005760816528777987,0.001920938491821289,0.6,0.33260393873085337
aes128gcm16-dh14-transport-pfs-on,aes128gcm16-dh14-transport-pfs-on__web_run1.pcap,web_browsing,True,2,2.0,10,1828,10.0,1828.0,182.8,269.78213432323497,88,948,88.0,0.00035198529561360675,0.0005577565712165034,0.0018260478973388672,0.6,0.33260393873085337
aes128gcm16-dh14-transport-pfs-on,aes128gcm16-dh14-transport-pfs-on__web_run1.pcap,web_browsing,True,3,3.0,30,5484,30.0,5484.0,182.8,260.3131270949105,88,948,88.0,0.03104441741417194,0.11510543860685918,0.4506490230560303,0.6,0.33260393873085337
aes128gcm16-dh14-transport-pfs-on,aes128gcm16-dh14-transport-pfs-on__web_run1.pcap,web_browsing,True,4,4.0,10,1828,10.0,1828.0,182.8,269.78213432323497,88,948,88.0,0.0002025498284233941,0.00016850249359576686,0.0006020069122314453,0.6,0.33260393873085337
aes128gcm16-dh14-transport-pfs-on,aes128gcm16-dh14-transport-pfs-on__web_run1.pcap,web_browsing,True,5,5.0,10,1828,10.0,1828.0,182.8,269.78213432323497,88,948,88.0,0.00038165516323513456,0.0005687939401861727,0.0018618106842041016,0.6,0.33260393873085337
aes128gcm16-dh14-transport-pfs-on,aes128gcm16-dh14-transport-pfs-on__web_run1.pcap,web_browsing,True,6,6.0,20,3656,20.0,3656.0,182.8,262.5866473536327,88,948,88.0,0.030994164316277755,0.13365888788681482,0.5829319953918457,0.6,0.33260393873085337
aes128gcm16-dh14-transport-pfs-on,aes128gcm16-dh14-transport-pfs-on__web_run1.pcap,web_browsing,True,7,7.0,17,3392,17.0,3392.0,199.52941176470588,282.6619265233334,88,948,88.0,0.04456375539302826,0.1768487525849383,0.7077429294586182,0.5882352941176471,0.30660377358490565
aes128gcm16-dh14-transport-pfs-on,aes128gcm16-dh14-transport-pfs-on__web_run1.pcap,web_browsing,True,8,8.0,13,2092,13.0,2092.0,160.92307692307693,237.30797905480742,88,948,88.0,0.07324232657750447,0.2524785874689531,0.8749680519104004,0.6153846153846154,0.37476099426386233
aes128gcm16-dh14-transport-pfs-on,aes128gcm16-dh14-transport-pfs-on__web_run1.pcap,web_browsing,True,9,9.0,10,1828,10.0,1828.0,182.8,269.78213432323497,88,948,88.0,0.0002063380347357856,0.00012711724900035188,0.0004589557647705078,0.6,0.33260393873085337
aes128gcm16-dh14-transport-pfs-on,aes128gcm16-dh14-transport-pfs-on__web_run1.pcap,web_browsing,True,10,10.0,10,1828,10.0,1828.0,182.8,269.78213432323497,88,948,88.0,0.00038888719346788194,0.0006170293951804987,0.0020101070404052734,0.6,0.33260393873085337
aes128gcm16-dh14-transport-pfs-on,aes128gcm16-dh14-transport-pfs-on__web_run1.pcap,web_browsing,True,11,11.0,20,3656,20.0,3656.0,182.8,262.5866473536327,88,948,88.0,0.035455528058503806,0.153301356435143,0.6685090065002441,0.6,0.33260393873085337
aes128gcm16-dh14-transport-pfs-on,aes128gcm16-dh14-transport-pfs-on__web_run1.pcap,web_browsing,True,12,12.0,10,1828,10.0,1828.0,182.8,269.78213432323497,88,948,88.0,0.0003839068942599826,0.0005671064283213484,0.0018529891967773438,0.6,0.33260393873085337
aes128gcm16-dh14-transport-pfs-on,aes128gcm16-dh14-transport-pfs-on__web_run1.pcap,web_browsing,True,13,13.0,20,3656,20.0,3656.0,182.8,262.5866473536327,88,948,88.0,0.0434490630501195,0.18757202746719698,0.8180201053619385,0.6,0.33260393873085337
aes128gcm16-dh14-transport-pfs-on,aes128gcm16-dh14-transport-pfs-on__web_run1.pcap,web_browsing,True,14,14.0,10,1828,10.0,1828.0,182.8,269.78213432323497,88,948,88.0,0.00041219923231336806,0.0006200792225456707,0.0020608901977539062,0.6,0.33260393873085337
aes128gcm16-dh14-transport-pfs-on,aes128gcm16-dh14-transport-pfs-on__web_run1.pcap,web_browsing,True,15,15.0,20,3656,20.0,3656.0,182.8,262.5866473536327,88,948,88.0,0.04978241418537341,0.21540240637712585,0.9392800331115723,0.6,0.33260393873085337
aes128gcm16-dh14-transport-pfs-on,aes128gcm16-dh14-transport-pfs-on__web_run1.pcap,web_browsing,True,16,16.0,10,1828,10.0,1828.0,182.8,269.78213432323497,88,948,88.0,0.0003505547841389974,0.0005475324196204325,0.0017819404602050781,0.6,0.33260393873085337
aes128gcm16-dh14-transport-pfs-on,aes128gcm16-dh14-transport-pfs-on__web_run1.pcap,web_browsing,True,17,17.0,20,3656,20.0,3656.0,182.8,262.5866473536327,88,948,88.0,0.019385262539512234,0.08244182156585053,0.35980701446533203,0.6,0.33260393873085337
aes128gcm16-dh14-transport-pfs-on,aes128gcm16-dh14-transport-pfs-on__web_run1.pcap,web_browsing,True,18,18.0,20,3656,20.0,3656.0,182.8,262.5866473536327,88,948,88.0,0.03201905049775776,0.13791906525089795,0.6015489101409912,0.6,0.33260393873085337
aes128gcm16-dh14-transport-pfs-on,aes128gcm16-dh14-transport-pfs-on__web_run1.pcap,web_browsing,True,19,19.0,10,1828,10.0,1828.0,182.8,269.78213432323497,88,948,88.0,0.0004764397939046224,0.0006082996110439582,0.0019881725311279297,0.6,0.33260393873085337
aes128gcm16-dh14-tunnel-pfs-off,aes128gcm16-dh14-tunnel-pfs-off__file_transfer_run1.pcap,file_transfer,True,0,0.0,10920,11669248,10920.0,11669248.0,1068.6124542124542,632.2406054330651,108,1500,1500.0,9.132601946458591e-05,0.0010137873336863586,0.060790061950683594,0.7053113553113554,0.969731725643332
aes128gcm16-dh14-tunnel-pfs-off,aes128gcm16-dh14-tunnel-pfs-off__file_transfer_run1.pcap,file_transfer,True,1,1.0,2,216,2.0,216.0,108.0,0.0,108,108,108.0,4.315376281738281e-05,0.0,4.315376281738281e-05,0.5,0.5
aes128gcm16-dh14-tunnel-pfs-off,aes128gcm16-dh14-tunnel-pfs-off__icmp_run1.pcap,icmp,True,0,0.0,2,280,2.0,280.0,140.0,0.0,140,140,140.0,0.0002739429473876953,0.0,0.0002739429473876953,0.5,0.5
aes128gcm16-dh14-tunnel-pfs-off,aes128gcm16-dh14-tunnel-pfs-off__icmp_run1.pcap,icmp,True,1,1.0,2,280,2.0,280.0,140.0,0.0,140,140,140.0,0.00015592575073242188,0.0,0.00015592575073242188,0.5,0.5
aes128gcm16-dh14-tunnel-pfs-off,aes128gcm16-dh14-tunnel-pfs-off__icmp_run1.pcap,icmp,True,2,2.0,2,280,2.0,280.0,140.0,0.0,140,140,140.0,9.107589721679688e-05,0.0,9.107589721679688e-05,0.5,0.5
aes128gcm16-dh14-tunnel-pfs-off,aes128gcm16-dh14-tunnel-pfs-off__icmp_run1.pcap,icmp,True,3,3.0,2,280,2.0,280.0,140.0,0.0,140,140,140.0,0.00014495849609375,0.0,0.00014495849609375,0.5,0.5
aes128gcm16-dh14-tunnel-pfs-off,aes128gcm16-dh14-tunnel-pfs-off__icmp_run1.pcap,icmp,True,4,4.0,2,280,2.0,280.0,140.0,0.0,140,140,140.0,0.0001919269561767578,0.0,0.0001919269561767578,0.5,0.5
aes128gcm16-dh14-tunnel-pfs-off,aes128gcm16-dh14-tunnel-pfs-off__icmp_run1.pcap,icmp,True,5,5.0,2,280,2.0,280.0,140.0,0.0,140,140,140.0,0.0001468658447265625,0.0,0.0001468658447265625,0.5,0.5
aes128gcm16-dh14-tunnel-pfs-off,aes128gcm16-dh14-tunnel-pfs-off__icmp_run1.pcap,icmp,True,6,6.0,2,280,2.0,280.0,140.0,0.0,140,140,140.0,9.918212890625e-05,0.0,9.918212890625e-05,0.5,0.5
aes128gcm16-dh14-tunnel-pfs-off,aes128gcm16-dh14-tunnel-pfs-off__icmp_run1.pcap,icmp,True,7,7.0,2,280,2.0,280.0,140.0,0.0,140,140,140.0,0.00012612342834472656,0.0,0.00012612342834472656,0.5,0.5
aes128gcm16-dh14-tunnel-pfs-off,aes128gcm16-dh14-tunnel-pfs-off__icmp_run1.pcap,icmp,True,8,8.0,2,280,2.0,280.0,140.0,0.0,140,140,140.0,0.0001690387725830078,0.0,0.0001690387725830078,0.5,0.5
aes128gcm16-dh14-tunnel-pfs-off,aes128gcm16-dh14-tunnel-pfs-off__icmp_run1.pcap,icmp,True,9,9.0,2,280,2.0,280.0,140.0,0.0,140,140,140.0,0.0001850128173828125,0.0,0.0001850128173828125,0.5,0.5
aes128gcm16-dh14-tunnel-pfs-off,aes128gcm16-dh14-tunnel-pfs-off__video_run1.pcap,video_streaming,True,0,0.0,295,233220,295.0,233220.0,790.5762711864406,694.1713261488644,108,1500,216.0,0.003316206996943675,0.031784308881044256,0.3162820339202881,0.4576271186440678,0.06459137295257697
aes128gcm16-dh14-tunnel-pfs-off,aes128gcm16-dh14-tunnel-pfs-off__video_run1.pcap,video_streaming,True,1,1.0,225,175332,225.0,175332.0,779.2533333333333,694.2291799439968,108,1500,208.0,0.002920467938695635,0.02984505902476083,0.31705498695373535,0.4666666666666667,0.06679898706454042
aes128gcm16-dh14-tunnel-pfs-off,aes128gcm16-dh14-tunnel-pfs-off__video_run1.pcap,video_streaming,True,2,2.0,165,124184,165.0,124184.0,752.630303030303,692.6949776077176,108,1500,116.0,0.003943213602391685,0.03473233597134846,0.31645703315734863,0.4727272727272727,0.07083038072537524
aes128gcm16-dh14-tunnel-pfs-off,aes128gcm16-dh14-tunnel-pfs-off__voip_run1.pcap,voip,True,0,0.0,30,14080,30.0,14080.0,469.3333333333333,81.05057311517822,384,596,444.0,0.014078000496173727,0.0315758571358164,0.09171009063720703,0.5,0.5269886363636364
aes128gcm16-dh14-tunnel-pfs-off,aes128gcm16-dh14-tunnel-pfs-off__web_run1.pcap,web_browsing,True,0,0.0,10,2028,10.0,2028.0,202.8,269.78213432323497,108,968,108.0,0.00018257564968532987,0.00015451997034428202,0.0005309581756591797,0.6,0.358974358974359
aes128gcm16-dh14-tunnel-pfs-off,aes128gcm16-dh14-tunnel-pfs-off__web_run1.pcap,web_browsing,True,1,1.0,20,4056,20.0,4056.0,202.8,262.5866473536327,108,968,108.0,0.03907078190853721,0.1694547469368025,0.7388310432434082,0.6,0.358974358974359
aes128gcm16-dh14-tunnel-pfs-off,aes128gcm16-dh14-tunnel-pfs-off__web_run1.pcap,web_browsing,True,2,2.0,20,4056,20.0,4056.0,202.8,262.5866473536327,108,968,108.0,0.029091471119930868,0.12606486547823137,0.5496740341186523,0.6,0.358974358974359
aes128gcm16-dh14-tunnel-pfs-off,aes128gcm16-dh14-tunnel-pfs-off__web_run1.pcap,web_browsing,True,3,3.0,20,4056,20.0,4056.0,202.8,262.5866473536327,108,968,108.0,0.021137475967407227,0.09120245561796085,0.39775586128234863,0.6,0.358974358974359
aes128gcm16-dh14-tunnel-pfs-off,aes128gcm16-dh14-tunnel-pfs-off__web_run1.pcap,web_browsing,True,4,4.0,10,2028,10.0,2028.0,202.8,269.78213432323497,108,968,108.0,0.00016077359517415365,0.00010479045794937783,0.0003790855407714844,0.6,0.358974358974359
aes128gcm16-dh14-tunnel-pfs-off,aes128gcm16-dh14-tunnel-pfs-off__web_run1.pcap,web_browsing,True,5,5.0,10,2028,10.0,2028.0,202.8,269.78213432323497,108,968,108.0,0.0002193450927734375,0.0002317308701938436,0.0007948875427246094,0.6,0.358974358974359
aes128gcm16-dh14-tunnel-pfs-off,aes128gcm16-dh14-tunnel-pfs-off__web_run1.pcap,web_browsing,True,6,6.0,20,4056,20.0,4056.0,202.8,262.5866473536327,108,968,108.0,0.041707741586785564,0.18100726544471804,0.7891740798950195,0.6,0.358974358974359
aes128gcm16-dh14-tunnel-pfs-off,aes128gcm16-dh14-tunnel-pfs-off__web_run1.pcap,web_browsing,True,7,7.0,10,2028,10.0,2028.0,202.8,269.78213432323497,108,968,108.0,0.00018522474500868056,0.00010879566725962375,0.00035119056701660156,0.6,0.358974358974359
aes128gcm16-dh14-tunnel-pfs-off,aes128gcm16-dh14-tunnel-pfs-off__web_run1.pcap,web_browsing,True,8,8.0,20,4056,20.0,4056.0,202.8,262.5866473536327,108,968,108.0,0.03648942395260459,0.15827837675014797,0.6900970935821533,0.6,0.358974358974359
aes128gcm16-dh14-tunnel-pfs-off,aes128gcm16-dh14-tunnel-pfs-off__web_run1.pcap,web_browsing,True,9,9.0,20,4056,20.0,4056.0,202.8,262.5866473536327,108,968,108.0,0.025181582099513003,0.10904064053779759,0.4754629135131836,0.6,0.358974358974359
aes128gcm16-dh14-tunnel-pfs-off,aes128gcm16-dh14-tunnel-pfs-off__web_run1.pcap,web_browsing,True,10,10.0,20,4056,20.0,4056.0,202.8,262.5866473536327,108,968,108.0,0.01977974490115517,0.0854040519509189,0.3724539279937744,0.6,0.358974358974359
aes128gcm16-dh14-tunnel-pfs-off,aes128gcm16-dh14-tunnel-pfs-off__web_run1.pcap,web_browsing,True,11,11.0,10,2028,10.0,2028.0,202.8,269.78213432323497,108,968,108.0,0.00018721156650119356,7.874608516983448e-05,0.0002942085266113281,0.6,0.358974358974359
aes128gcm16-dh14-tunnel-pfs-off,aes128gcm16-dh14-tunnel-pfs-off__web_run1.pcap,web_browsing,True,12,12.0,20,4056,20.0,4056.0,202.8,262.5866473536327,108,968,108.0,0.028764837666561727,0.12454348806961558,0.5430648326873779,0.6,0.358974358974359
aes128gcm16-dh14-tunnel-pfs-off,aes128gcm16-dh14-tunnel-pfs-off__web_run1.pcap,web_browsing,True,13,13.0,10,2028,10.0,2028.0,202.8,269.78213432323497,108,968,108.0,0.00017878744337293837,0.00012067156897162133,0.0004220008850097656,0.6,0.358974358974359
aes128gcm16-dh14-tunnel-pfs-off,aes128gcm16-dh14-tunnel-pfs-off__web_run1.pcap,web_browsing,True,14,14.0,20,4056,20.0,4056.0,202.8,262.5866473536327,108,968,108.0,0.020822587766145404,0.08993903894051566,0.3922240734100342,0.6,0.358974358974359
aes128gcm16-dh14-tunnel-pfs-off,aes128gcm16-dh14-tunnel-pfs-off__web_run1.pcap,web_browsing,True,15,15.0,10,2028,10.0,2028.0,202.8,269.78213432323497,108,968,108.0,0.00018143653869628906,0.00014336065743991383,0.00047397613525390625,0.6,0.358974358974359
aes128gcm16-dh14-tunnel-pfs-off,aes128gcm16-dh14-tunnel-pfs-off__web_run1.pcap,web_browsing,True,16,16.0,20,4056,20.0,4056.0,202.8,262.5866473536327,108,968,108.0,0.03213511015239515,0.13926053914698006,0.6072089672088623,0.6,0.358974358974359
aes128gcm16-dh14-tunnel-pfs-off,aes128gcm16-dh14-tunnel-pfs-off__web_run1.pcap,web_browsing,True,17,17.0,20,4056,20.0,4056.0,202.8,262.5866473536327,108,968,108.0,0.017173315349378084,0.07408628944320139,0.32311105728149414,0.6,0.358974358974359
aes128gcm16-dh14-tunnel-pfs-off,aes128gcm16-dh14-tunnel-pfs-off__web_run1.pcap,web_browsing,True,18,18.0,10,2028,10.0,2028.0,202.8,269.78213432323497,108,968,108.0,0.0001967748006184896,0.00012741649656032412,0.0004451274871826172,0.6,0.358974358974359
aes128gcm16-dh14-tunnel-pfs-on,aes128gcm16-dh14-tunnel-pfs-on__file_transfer_run1.pcap,file_transfer,True,0,0.0,8398,8732072,8398.0,8732072.0,1039.779947606573,643.9354063810939,108,1500,1500.0,0.00011908992409805492,0.0011613903560327137,0.05713796615600586,0.6839723743748511,0.9666310584704295
aes128gcm16-dh14-tunnel-pfs-on,aes128gcm16-dh14-tunnel-pfs-on__file_transfer_run1.pcap,file_transfer,True,1,1.0,2839,2971416,2839.0,2971416.0,1046.6417752729835,641.2774366606608,108,1500,1500.0,8.707688340340978e-05,0.00010402967994699141,0.0039310455322265625,0.6896794646002113,0.9676706324526758
aes128gcm16-dh14-tunnel-pfs-on,aes128gcm16-dh14-tunnel-pfs-on__icmp_run1.pcap,icmp,True,0,0.0,2,280,2.0,280.0,140.0,0.0,140,140,140.0,0.00035691261291503906,0.0,0.00035691261291503906,0.5,0.5
aes128gcm16-dh14-tunnel-pfs-on,aes128gcm16-dh14-tunnel-pfs-on__icmp_run1.pcap,icmp,True,1,1.0,2,280,2.0,280.0,140.0,0.0,140,140,140.0,0.0001480579376220703,0.0,0.0001480579376220703,0.5,0.5
aes128gcm16-dh14-tunnel-pfs-on,aes128gcm16-dh14-tunnel-pfs-on__icmp_run1.pcap,icmp,True,2,2.0,2,280,2.0,280.0,140.0,0.0,140,140,140.0,0.0002570152282714844,0.0,0.0002570152282714844,0.5,0.5
aes128gcm16-dh14-tunnel-pfs-on,aes128gcm16-dh14-tunnel-pfs-on__icmp_run1.pcap,icmp,True,3,3.0,2,280,2.0,280.0,140.0,0.0,140,140,140.0,0.00010395050048828125,0.0,0.00010395050048828125,0.5,0.5
aes128gcm16-dh14-tunnel-pfs-on,aes128gcm16-dh14-tunnel-pfs-on__icmp_run1.pcap,icmp,True,4,4.0,2,280,2.0,280.0,140.0,0.0,140,140,140.0,0.00013303756713867188,0.0,0.00013303756713867188,0.5,0.5
aes128gcm16-dh14-tunnel-pfs-on,aes128gcm16-dh14-tunnel-pfs-on__icmp_run1.pcap,icmp,True,5,5.0,2,280,2.0,280.0,140.0,0.0,140,140,140.0,0.0001239776611328125,0.0,0.0001239776611328125,0.5,0.5
aes128gcm16-dh14-tunnel-pfs-on,aes128gcm16-dh14-tunnel-pfs-on__icmp_run1.pcap,icmp,True,6,6.0,2,280,2.0,280.0,140.0,0.0,140,140,140.0,0.0001499652862548828,0.0,0.0001499652862548828,0.5,0.5
aes128gcm16-dh14-tunnel-pfs-on,aes128gcm16-dh14-tunnel-pfs-on__icmp_run1.pcap,icmp,True,7,7.0,2,280,2.0,280.0,140.0,0.0,140,140,140.0,0.00017881393432617188,0.0,0.00017881393432617188,0.5,0.5
aes128gcm16-dh14-tunnel-pfs-on,aes128gcm16-dh14-tunnel-pfs-on__icmp_run1.pcap,icmp,True,8,8.0,2,280,2.0,280.0,140.0,0.0,140,140,140.0,0.00010013580322265625,0.0,0.00010013580322265625,0.5,0.5
aes128gcm16-dh14-tunnel-pfs-on,aes128gcm16-dh14-tunnel-pfs-on__icmp_run1.pcap,icmp,True,9,9.0,2,280,2.0,280.0,140.0,0.0,140,140,140.0,0.0001499652862548828,0.0,0.0001499652862548828,0.5,0.5
aes128gcm16-dh14-tunnel-pfs-on,aes128gcm16-dh14-tunnel-pfs-on__video_run1.pcap,video_streaming,True,0,0.0,295,233220,295.0,233220.0,790.5762711864406,694.1713261488644,108,1500,216.0,0.0033383572182687773,0.03191731438762448,0.31769895553588867,0.4576271186440678,0.06459137295257697
aes128gcm16-dh14-tunnel-pfs-on,aes128gcm16-dh14-tunnel-pfs-on__video_run1.pcap,video_streaming,True,1,1.0,221,174900,221.0,174900.0,791.4027149321267,694.533149802379,108,1500,224.0,0.0029998909343372693,0.030316310117570206,0.32021093368530273,0.45701357466063347,0.06449399656946826
aes128gcm16-dh14-tunnel-pfs-on,aes128gcm16-dh14-tunnel-pfs-on__video_run1.pcap,video_streaming,True,2,2.0,163,123968,163.0,123968.0,760.5398773006135,693.2221442663379,108,1500,116.0,0.004021080923669132,0.03516797122272043,0.3187689781188965,0.4662576687116564,0.06921140939597316
aes128gcm16-dh14-tunnel-pfs-on,aes128gcm16-dh14-tunnel-pfs-on__voip_run1.pcap,voip,True,0,0.0,30,14080,30.0,14080.0,469.3333333333333,81.05057311517822,384,596,444.0,0.01409127794463059,0.03174269751959252,0.09248185157775879,0.5,0.5269886363636364
aes128gcm16-dh14-tunnel-pfs-on,aes128gcm16-dh14-tunnel-pfs-on__web_run1.pcap,web_browsing,True,0,0.0,30,6084,30.0,6084.0,202.8,260.3131270949105,108,968,108.0,0.03384758686197215,0.12638238696081008,0.5319638252258301,0.6,0.358974358974359
aes128gcm16-dh14-tunnel-pfs-on,aes128gcm16-dh14-tunnel-pfs-on__web_run1.pcap,web_browsing,True,1,1.0,10,2028,10.0,2028.0,202.8,269.78213432323497,108,968,108.0,0.00020268228318956163,0.00012158835884416178,0.00045013427734375,0.6,0.358974358974359
aes128gcm16-dh14-tunnel-pfs-on,aes128gcm16-dh14-tunnel-pfs-on__web_run1.pcap,web_browsing,True,2,2.0,10,2028,10.0,2028.0,202.8,269.78213432323497,108,968,108.0,0.0002091195848253038,9.466459480817804e-05,0.0003409385681152344,0.6,0.358974358974359
aes128gcm16-dh14-tunnel-pfs-on,aes128gcm16-dh14-tunnel-pfs-on__web_run1.pcap,web_browsing,True,3,3.0,20,4056,20.0,4056.0,202.8,262.5866473536327,108,968,108.0,0.03222283564115826,0.1396555709023385,0.6089279651641846,0.6,0.358974358974359
aes128gcm16-dh14-tunnel-pfs-on,aes128gcm16-dh14-tunnel-pfs-on__web_run1.pcap,web_browsing,True,4,4.0,10,2028,10.0,2028.0,202.8,269.78213432323497,108,968,108.0,0.00017754236857096353,0.00011477118509712291,0.0003380775451660156,0.6,0.358974358974359
aes128gcm16-dh14-tunnel-pfs-on,aes128gcm16-dh14-tunnel-pfs-on__web_run1.pcap,web_browsing,True,5,5.0,20,4056,20.0,4056.0,202.8,262.5866473536327,108,968,108.0,0.04479937804372687,0.19444194742071957,0.8477439880371094,0.6,0.358974358974359
aes128gcm16-dh14-tunnel-pfs-on,aes128gcm16-dh14-tunnel-pfs-on__web_run1.pcap,web_browsing,True,6,6.0,20,4056,20.0,4056.0,202.8,262.5866473536327,108,968,108.0,0.03459436015078896,0.14982971873914272,0.6533129215240479,0.6,0.358974358974359
aes128gcm16-dh14-tunnel-pfs-on,aes128gcm16-dh14-tunnel-pfs-on__web_run1.pcap,web_browsing,True,7,7.0,10,2028,10.0,2028.0,202.8,269.78213432323497,108,968,108.0,0.00022599432203504775,0.00013988667629368786,0.00043201446533203125,0.6,0.358974358974359
aes128gcm16-dh14-tunnel-pfs-on,aes128gcm16-dh14-tunnel-pfs-on__web_run1.pcap,web_browsing,True,8,8.0,20,4056,20.0,4056.0,202.8,262.5866473536327,108,968,108.0,0.02583252756219161,0.11152880666681012,0.4863879680633545,0.6,0.358974358974359
aes128gcm16-dh14-tunnel-pfs-on,aes128gcm16-dh14-tunnel-pfs-on__web_run1.pcap,web_browsing,True,9,9.0,10,2028,10.0,2028.0,202.8,269.78213432323497,108,968,108.0,0.00016167428758409288,0.00010387818723587212,0.0003821849822998047,0.6,0.358974358974359
aes128gcm16-dh14-tunnel-pfs-on,aes128gcm16-dh14-tunnel-pfs-on__web_run1.pcap,web_browsing,True,10,10.0,10,2028,10.0,2028.0,202.8,269.78213432323497,108,968,108.0,0.0002110004425048828,0.00014958281709740256,0.00044798851013183594,0.6,0.358974358974359
aes128gcm16-dh14-tunnel-pfs-on,aes128gcm16-dh14-tunnel-pfs-on__web_run1.pcap,web_browsing,True,11,11.0,20,4056,20.0,4056.0,202.8,262.5866473536327,108,968,108.0,0.03527316294218365,0.15289958522434668,0.6666691303253174,0.6,0.358974358974359
aes128gcm16-dh14-tunnel-pfs-on,aes128gcm16-dh14-tunnel-pfs-on__web_run1.pcap,web_browsing,True,12,12.0,10,2028,10.0,2028.0,202.8,269.78213432323497,108,968,108.0,0.00017343627081976997,0.0001115930194395008,0.0003719329833984375,0.6,0.358974358974359
aes128gcm16-dh14-tunnel-pfs-on,aes128gcm16-dh14-tunnel-pfs-on__web_run1.pcap,web_browsing,True,13,13.0,10,2028,10.0,2028.0,202.8,269.78213432323497,108,968,108.0,0.00018744998508029513,0.00014294828142605528,0.0005199909210205078,0.6,0.358974358974359
aes128gcm16-dh14-tunnel-pfs-on,aes128gcm16-dh14-tunnel-pfs-on__web_run1.pcap,web_browsing,True,14,14.0,20,4056,20.0,4056.0,202.8,262.5866473536327,108,968,108.0,0.020742780283877726,0.08955105799953628,0.39054203033447266,0.6,0.358974358974359
aes128gcm16-dh14-tunnel-pfs-on,aes128gcm16-dh14-tunnel-pfs-on__web_run1.pcap,web_browsing,True,15,15.0,30,6084,30.0,6084.0,202.8,260.3131270949105,108,968,108.0,0.033313405924829946,0.1300292379062006,0.629270076751709,0.6,0.358974358974359
aes128gcm16-dh14-tunnel-pfs-on,aes128gcm16-dh14-tunnel-pfs-on__web_run1.pcap,web_browsing,True,16,16.0,10,2028,10.0,2028.0,202.8,269.78213432323497,108,968,108.0,0.00019166204664442275,0.00012077762838485263,0.00040912628173828125,0.6,0.358974358974359
aes128gcm16-dh14-tunnel-pfs-on,aes128gcm16-dh14-tunnel-pfs-on__web_run1.pcap,web_browsing,True,17,17.0,10,2028,10.0,2028.0,202.8,269.78213432323497,108,968,108.0,0.0001799795362684462,0.00012628216775461594,0.0004069805145263672,0.6,0.358974358974359
aes128gcm16-dh14-tunnel-pfs-on,aes128gcm16-dh14-tunnel-pfs-on__web_run1.pcap,web_browsing,True,18,18.0,10,2028,10.0,2028.0,202.8,269.78213432323497,108,968,108.0,0.00022421942816840278,0.00010106220973477168,0.0004038810729980469,0.6,0.358974358974359
aes128gcm16-dh14-tunnel-pfs-on,aes128gcm16-dh14-tunnel-pfs-on__web_run1.pcap,web_browsing,True,19,19.0,10,2028,10.0,2028.0,202.8,269.78213432323497,108,968,108.0,0.00019889407687717013,0.00014551415504908546,0.0004889965057373047,0.6,0.358974358974359
aes128gcm16-dh19-transport-pfs-off,aes128gcm16-dh19-transport-pfs-off__file_transfer_run1.pcap,file_transfer,True,0,0.0,8780,11275448,8780.0,11275448.0,1284.219589977221,498.1623412733642,88,1500,1500.0,9.575521827816814e-05,0.0011172141256657695,0.061116933822631836,0.8708428246013667,0.990515676184219
aes128gcm16-dh19-transport-pfs-off,aes128gcm16-dh19-transport-pfs-off__icmp_run1.pcap,icmp,True,0,0.0,2,240,2.0,240.0,120.0,0.0,120,120,120.0,0.0002307891845703125,0.0,0.0002307891845703125,0.5,0.5
aes128gcm16-dh19-transport-pfs-off,aes128gcm16-dh19-transport-pfs-off__icmp_run1.pcap,icmp,True,1,1.0,2,240,2.0,240.0,120.0,0.0,120,120,120.0,0.00013303756713867188,0.0,0.00013303756713867188,0.5,0.5
aes128gcm16-dh19-transport-pfs-off,aes128gcm16-dh19-transport-pfs-off__icmp_run1.pcap,icmp,True,2,2.0,2,240,2.0,240.0,120.0,0.0,120,120,120.0,0.00014400482177734375,0.0,0.00014400482177734375,0.5,0.5
aes128gcm16-dh19-transport-pfs-off,aes128gcm16-dh19-transport-pfs-off__icmp_run1.pcap,icmp,True,3,3.0,2,240,2.0,240.0,120.0,0.0,120,120,120.0,0.0002181529998779297,0.0,0.0002181529998779297,0.5,0.5
aes128gcm16-dh19-transport-pfs-off,aes128gcm16-dh19-transport-pfs-off__icmp_run1.pcap,icmp,True,4,4.0,2,240,2.0,240.0,120.0,0.0,120,120,120.0,0.0002391338348388672,0.0,0.0002391338348388672,0.5,0.5
aes128gcm16-dh19-transport-pfs-off,aes128gcm16-dh19-transport-pfs-off__icmp_run1.pcap,icmp,True,5,5.0,2,240,2.0,240.0,120.0,0.0,120,120,120.0,0.00018215179443359375,0.0,0.00018215179443359375,0.5,0.5
aes128gcm16-dh19-transport-pfs-off,aes128gcm16-dh19-transport-pfs-off__icmp_run1.pcap,icmp,True,6,6.0,2,240,2.0,240.0,120.0,0.0,120,120,120.0,0.0001499652862548828,0.0,0.0001499652862548828,0.5,0.5
aes128gcm16-dh19-transport-pfs-off,aes128gcm16-dh19-transport-pfs-off__icmp_run1.pcap,icmp,True,7,7.0,2,240,2.0,240.0,120.0,0.0,120,120,120.0,0.00030612945556640625,0.0,0.00030612945556640625,0.5,0.5
aes128gcm16-dh19-transport-pfs-off,aes128gcm16-dh19-transport-pfs-off__icmp_run1.pcap,icmp,True,8,8.0,2,240,2.0,240.0,120.0,0.0,120,120,120.0,0.00011491775512695312,0.0,0.00011491775512695312,0.5,0.5
aes128gcm16-dh19-transport-pfs-off,aes128gcm16-dh19-transport-pfs-off__icmp_run1.pcap,icmp,True,9,9.0,2,240,2.0,240.0,120.0,0.0,120,120,120.0,0.0001819133758544922,0.0,0.0001819133758544922,0.5,0.5
aes128gcm16-dh19-transport-pfs-off,aes128gcm16-dh19-transport-pfs-off__video_run1.pcap,video_streaming,True,0,0.0,276,230192,276.0,230192.0,834.0289855072464,698.2203657562455,88,1500,1500.0,0.0035116767883300783,0.032878928251263435,0.31805896759033203,0.42391304347826086,0.04813373184124557
aes128gcm16-dh19-transport-pfs-off,aes128gcm16-dh19-transport-pfs-off__video_run1.pcap,video_streaming,True,1,1.0,261,211508,261.0,211508.0,810.3754789272031,698.7243299346018,88,1500,1500.0,0.0024892651117764987,0.027591729668877813,0.3164081573486328,0.4521072796934866,0.054560583996822815
aes128gcm16-dh19-transport-pfs-off,aes128gcm16-dh19-transport-pfs-off__video_run1.pcap,video_streaming,True,2,2.0,171,134296,171.0,134296.0,785.3567251461989,700.2163247242875,76,1500,204.0,0.0037810297573313994,0.03407781315986068,0.31676697731018066,0.4093567251461988,0.05051527968070531
aes128gcm16-dh19-transport-pfs-off,aes128gcm16-dh19-transport-pfs-off__voip_run1.pcap,voip,True,0,0.0,30,13480,30.0,13480.0,449.3333333333333,81.05057311517822,364,576,424.0,0.01405941206833412,0.031561556373448124,0.09191012382507324,0.5,0.5281899109792285
aes128gcm16-dh19-transport-pfs-off,aes128gcm16-dh19-transport-pfs-off__web_run1.pcap,web_browsing,True,0,0.0,20,3656,20.0,3656.0,182.8,262.5866473536327,88,948,88.0,0.035107738093325964,0.15156238587911652,0.6609799861907959,0.6,0.33260393873085337
aes128gcm16-dh19-transport-pfs-off,aes128gcm16-dh19-transport-pfs-off__web_run1.pcap,web_browsing,True,1,1.0,10,1828,10.0,1828.0,182.8,269.78213432323497,88,948,88.0,0.00041757689581976994,0.0007015907366846797,0.002257823944091797,0.6,0.33260393873085337
aes128gcm16-dh19-transport-pfs-off,aes128gcm16-dh19-transport-pfs-off__web_run1.pcap,web_browsing,True,2,2.0,20,3656,20.0,3656.0,182.8,262.5866473536327,88,948,88.0,0.032078993947882405,0.13847893224659627,0.6039228439331055,0.6,0.33260393873085337
aes128gcm16-dh19-transport-pfs-off,aes128gcm16-dh19-transport-pfs-off__web_run1.pcap,web_browsing,True,3,3.0,10,1828,10.0,1828.0,182.8,269.78213432323497,88,948,88.0,0.0004113250308566623,0.0005886768578420063,0.0019450187683105469,0.6,0.33260393873085337
aes128gcm16-dh19-transport-pfs-off,aes128gcm16-dh19-transport-pfs-off__web_run1.pcap,web_browsing,True,4,4.0,20,3656,20.0,3656.0,182.8,262.5866473536327,88,948,88.0,0.04723447247555381,0.20408472573111297,0.8899950981140137,0.6,0.33260393873085337
aes128gcm16-dh19-transport-pfs-off,aes128gcm16-dh19-transport-pfs-off__web_run1.pcap,web_browsing,True,5,5.0,10,1828,10.0,1828.0,182.8,269.78213432323497,88,948,88.0,0.00036676724751790363,0.0005185738786504725,0.0017170906066894531,0.6,0.33260393873085337
aes128gcm16-dh19-transport-pfs-off,aes128gcm16-dh19-transport-pfs-off__web_run1.pcap,web_browsing,True,6,6.0,20,3656,20.0,3656.0,182.8,262.5866473536327,88,948,88.0,0.03455616298474764,0.14926336903031903,0.6509339809417725,0.6,0.33260393873085337
aes128gcm16-dh19-transport-pfs-off,aes128gcm16-dh19-transport-pfs-off__web_run1.pcap,web_browsing,True,7,7.0,10,1828,10.0,1828.0,182.8,269.78213432323497,88,948,88.0,0.00042745802137586806,0.0006147680787689212,0.0020308494567871094,0.6,0.33260393873085337
aes128gcm16-dh19-transport-pfs-off,aes128gcm16-dh19-transport-pfs-off__web_run1.pcap,web_browsing,True,8,8.0,20,3656,20.0,3656.0,182.8,262.5866473536327,88,948,88.0,0.03954873586955823,0.1707035767014432,0.7444629669189453,0.6,0.33260393873085337
aes128gcm16-dh19-transport-pfs-off,aes128gcm16-dh19-transport-pfs-off__web_run1.pcap,web_browsing,True,9,9.0,20,3656,20.0,3656.0,182.8,262.5866473536327,88,948,88.0,0.017819266570241826,0.07622858074181159,0.3325979709625244,0.6,0.33260393873085337
aes128gcm16-dh19-transport-pfs-off,aes128gcm16-dh19-transport-pfs-off__web_run1.pcap,web_browsing,True,10,10.0,10,1828,10.0,1828.0,182.8,269.78213432323497,88,948,88.0,0.000366316901312934,0.000572291148005504,0.0018761157989501953,0.6,0.33260393873085337
aes128gcm16-dh19-transport-pfs-off,aes128gcm16-dh19-transport-pfs-off__web_run1.pcap,web_browsing,True,11,11.0,10,1828,10.0,1828.0,182.8,269.78213432323497,88,948,88.0,0.00045943260192871094,0.000688209404279835,0.0022590160369873047,0.6,0.33260393873085337
aes128gcm16-dh19-transport-pfs-off,aes128gcm16-dh19-transport-pfs-off__web_run1.pcap,web_browsing,True,12,12.0,10,1828,10.0,1828.0,182.8,269.78213432323497,88,948,88.0,0.00020779503716362847,0.0001478654704999994,0.0005061626434326172,0.6,0.33260393873085337
aes128gcm16-dh19-transport-pfs-off,aes128gcm16-dh19-transport-pfs-off__web_run1.pcap,web_browsing,True,13,13.0,20,3656,20.0,3656.0,182.8,262.5866473536327,88,948,88.0,0.02528004897268195,0.10836158285788025,0.4727499485015869,0.6,0.33260393873085337
aes128gcm16-dh19-transport-pfs-off,aes128gcm16-dh19-transport-pfs-off__web_run1.pcap,web_browsing,True,14,14.0,10,1828,10.0,1828.0,182.8,269.78213432323497,88,948,88.0,0.00022223260667588975,0.00019114507746310975,0.0006358623504638672,0.6,0.33260393873085337
aes128gcm16-dh19-transport-pfs-off,aes128gcm16-dh19-transport-pfs-off__web_run1.pcap,web_browsing,True,15,15.0,10,1828,10.0,1828.0,182.8,269.78213432323497,88,948,88.0,0.000444332758585612,0.0006917748351726192,0.002262115478515625,0.6,0.33260393873085337
aes128gcm16-dh19-transport-pfs-off,aes128gcm16-dh19-transport-pfs-off__web_run1.pcap,web_browsing,True,16,16.0,10,1828,10.0,1828.0,182.8,269.78213432323497,88,948,88.0,0.00047779083251953125,0.0007090138329798959,0.0023310184478759766,0.6,0.33260393873085337
aes128gcm16-dh19-transport-pfs-off,aes128gcm16-dh19-transport-pfs-off__web_run1.pcap,web_browsing,True,17,17.0,20,3656,20.0,3656.0,182.8,262.5866473536327,88,948,88.0,0.04174779590807463,0.18064381200687799,0.7877109050750732,0.6,0.33260393873085337
aes128gcm16-dh19-transport-pfs-off,aes128gcm16-dh19-transport-pfs-off__web_run1.pcap,web_browsing,True,18,18.0,10,1828,10.0,1828.0,182.8,269.78213432323497,88,948,88.0,0.0002006689707438151,0.00014470903010363565,0.000453948974609375,0.6,0.33260393873085337
aes128gcm16-dh19-transport-pfs-off,aes128gcm16-dh19-transport-pfs-off__web_run1.pcap,web_browsing,True,19,19.0,10,1828,10.0,1828.0,182.8,269.78213432323497,88,948,88.0,0.0004240936703152127,0.0007165394308100598,0.0023119449615478516,0.6,0.33260393873085337
aes128gcm16-dh19-transport-pfs-off,aes128gcm16-dh19-transport-pfs-off__web_run1.pcap,web_browsing,True,20,20.0,20,3656,20.0,3656.0,182.8,262.5866473536327,88,948,88.0,0.02408909797668457,0.10360687821657869,0.45192909240722656,0.6,0.33260393873085337
aes128gcm16-dh19-transport-pfs-on,aes128gcm16-dh19-transport-pfs-on__file_transfer_run1.pcap,file_transfer,True,0,0.0,8669,11252840,8669.0,11252840.0,1298.0551390010382,483.34111677866395,88,1500,1500.0,0.00010622821208459197,0.0020418691884806226,0.16398906707763672,0.8841850271080863,0.9916451313623939
aes128gcm16-dh19-transport-pfs-on,aes128gcm16-dh19-transport-pfs-on__icmp_run1.pcap,icmp,True,0,0.0,2,240,2.0,240.0,120.0,0.0,120,120,120.0,0.00036787986755371094,0.0,0.00036787986755371094,0.5,0.5
aes128gcm16-dh19-transport-pfs-on,aes128gcm16-dh19-transport-pfs-on__icmp_run1.pcap,icmp,True,1,1.0,2,240,2.0,240.0,120.0,0.0,120,120,120.0,0.0002009868621826172,0.0,0.0002009868621826172,0.5,0.5
aes128gcm16-dh19-transport-pfs-on,aes128gcm16-dh19-transport-pfs-on__icmp_run1.pcap,icmp,True,2,2.0,2,240,2.0,240.0,120.0,0.0,120,120,120.0,0.00017189979553222656,0.0,0.00017189979553222656,0.5,0.5
aes128gcm16-dh19-transport-pfs-on,aes128gcm16-dh19-transport-pfs-on__icmp_run1.pcap,icmp,True,3,3.0,2,240,2.0,240.0,120.0,0.0,120,120,120.0,0.00015306472778320312,0.0,0.00015306472778320312,0.5,0.5
aes128gcm16-dh19-transport-pfs-on,aes128gcm16-dh19-transport-pfs-on__icmp_run1.pcap,icmp,True,4,4.0,2,240,2.0,240.0,120.0,0.0,120,120,120.0,0.00015497207641601562,0.0,0.00015497207641601562,0.5,0.5
aes128gcm16-dh19-transport-pfs-on,aes128gcm16-dh19-transport-pfs-on__icmp_run1.pcap,icmp,True,5,5.0,2,240,2.0,240.0,120.0,0.0,120,120,120.0,0.00017690658569335938,0.0,0.00017690658569335938,0.5,0.5
aes128gcm16-dh19-transport-pfs-on,aes128gcm16-dh19-transport-pfs-on__icmp_run1.pcap,icmp,True,6,6.0,2,240,2.0,240.0,120.0,0.0,120,120,120.0,0.0002999305725097656,0.0,0.0002999305725097656,0.5,0.5
aes128gcm16-dh19-transport-pfs-on,aes128gcm16-dh19-transport-pfs-on__icmp_run1.pcap,icmp,True,7,7.0,2,240,2.0,240.0,120.0,0.0,120,120,120.0,0.00017213821411132812,0.0,0.00017213821411132812,0.5,0.5
aes128gcm16-dh19-transport-pfs-on,aes128gcm16-dh19-transport-pfs-on__icmp_run1.pcap,icmp,True,8,8.0,2,240,2.0,240.0,120.0,0.0,120,120,120.0,0.0017809867858886719,0.0,0.0017809867858886719,0.5,0.5
aes128gcm16-dh19-transport-pfs-on,aes128gcm16-dh19-transport-pfs-on__icmp_run1.pcap,icmp,True,9,9.0,2,240,2.0,240.0,120.0,0.0,120,120,120.0,0.00016307830810546875,0.0,0.00016307830810546875,0.5,0.5
aes128gcm16-dh19-transport-pfs-on,aes128gcm16-dh19-transport-pfs-on__video_run1.pcap,video_streaming,True,0,0.0,314,259620,314.0,259620.0,826.8152866242038,697.2784503607274,88,1500,1500.0,0.0030856871376403225,0.03086412151365527,0.3189218044281006,0.43630573248407645,0.05202988983899545
aes128gcm16-dh19-transport-pfs-on,aes128gcm16-dh19-transport-pfs-on__video_run1.pcap,video_streaming,True,1,1.0,250,199344,250.0,199344.0,797.376,698.1911875420985,88,1500,884.0,0.0025936743341775305,0.028231410648624094,0.3171110153198242,0.46,0.057067180351553094
aes128gcm16-dh19-transport-pfs-on,aes128gcm16-dh19-transport-pfs-on__video_run1.pcap,video_streaming,True,2,2.0,151,122640,151.0,122640.0,812.1854304635762,699.3348973986975,88,1500,1396.0,0.004286746978759765,0.03640270863459334,0.3176419734954834,0.423841059602649,0.0502283105022831
aes128gcm16-dh19-transport-pfs-on,aes128gcm16-dh19-transport-pfs-on__voip_run1.pcap,voip,True,0,0.0,30,13480,30.0,13480.0,449.3333333333333,81.05057311517822,364,576,424.0,0.014065306762169147,0.031741556800057615,0.0926048755645752,0.5,0.5281899109792285
aes128gcm16-dh19-transport-pfs-on,aes128gcm16-dh19-transport-pfs-on__web_run1.pcap,web_browsing,True,0,0.0,20,3656,20.0,3656.0,182.8,262.5866473536327,88,948,88.0,0.0258738869114926,0.11066308004854344,0.4828460216522217,0.6,0.33260393873085337
aes128gcm16-dh19-transport-pfs-on,aes128gcm16-dh19-transport-pfs-on__web_run1.pcap,web_browsing,True,1,1.0,20,3656,20.0,3656.0,182.8,262.5866473536327,88,948,88.0,0.042906409815738074,0.184785051111533,0.8059678077697754,0.6,0.33260393873085337
aes128gcm16-dh19-transport-pfs-on,aes128gcm16-dh19-transport-pfs-on__web_run1.pcap,web_browsing,True,2,2.0,20,3656,20.0,3656.0,182.8,262.5866473536327,88,948,88.0,0.025902007755480315,0.11103837500706197,0.48442697525024414,0.6,0.33260393873085337
aes128gcm16-dh19-transport-pfs-on,aes128gcm16-dh19-transport-pfs-on__web_run1.pcap,web_browsing,True,3,3.0,10,1828,10.0,1828.0,182.8,269.78213432323497,88,948,88.0,0.00040456983778211806,0.0006537595083354923,0.002109050750732422,0.6,0.33260393873085337
aes128gcm16-dh19-transport-pfs-on,aes128gcm16-dh19-transport-pfs-on__web_run1.pcap,web_browsing,True,4,4.0,20,3656,20.0,3656.0,182.8,262.5866473536327,88,948,88.0,0.020879996450323807,0.0897408681513702,0.39145994186401367,0.6,0.33260393873085337
aes128gcm16-dh19-transport-pfs-on,aes128gcm16-dh19-transport-pfs-on__web_run1.pcap,web_browsing,True,5,5.0,30,5484,30.0,5484.0,182.8,260.3131270949105,88,948,88.0,0.03171727575104812,0.11707631776670531,0.45700788497924805,0.6,0.33260393873085337
aes128gcm16-dh19-transport-pfs-on,aes128gcm16-dh19-transport-pfs-on__web_run1.pcap,web_browsing,True,6,6.0,10,1828,10.0,1828.0,182.8,269.78213432323497,88,948,88.0,0.00021545092264811197,0.0001100877619405231,0.0004520416259765625,0.6,0.33260393873085337
aes128gcm16-dh19-transport-pfs-on,aes128gcm16-dh19-transport-pfs-on__web_run1.pcap,web_browsing,True,7,7.0,10,1828,10.0,1828.0,182.8,269.78213432323497,88,948,88.0,0.00041744444105360244,0.0006566536936883878,0.0021271705627441406,0.6,0.33260393873085337
aes128gcm16-dh19-transport-pfs-on,aes128gcm16-dh19-transport-pfs-on__web_run1.pcap,web_browsing,True,8,8.0,10,1828,10.0,1828.0,182.8,269.78213432323497,88,948,88.0,0.00038366847568088106,0.000590403076402319,0.0019371509552001953,0.6,0.33260393873085337
aes128gcm16-dh19-transport-pfs-on,aes128gcm16-dh19-transport-pfs-on__web_run1.pcap,web_browsing,True,9,9.0,20,3656,20.0,3656.0,182.8,262.5866473536327,88,948,88.0,0.03886273032740543,0.1676459721393113,0.7311499118804932,0.6,0.33260393873085337
aes128gcm16-dh19-transport-pfs-on,aes128gcm16-dh19-transport-pfs-on__web_run1.pcap,web_browsing,True,10,10.0,20,3656,20.0,3656.0,182.8,262.5866473536327,88,948,88.0,0.022841942937750565,0.09873731522891148,0.4305758476257324,0.6,0.33260393873085337
aes128gcm16-dh19-transport-pfs-on,aes128gcm16-dh19-transport-pfs-on__web_run1.pcap,web_browsing,True,11,11.0,10,1828,10.0,1828.0,182.8,269.78213432323497,88,948,88.0,0.0003876686096191406,0.0006417646247082551,0.0020830631256103516,0.6,0.33260393873085337
aes128gcm16-dh19-transport-pfs-on,aes128gcm16-dh19-transport-pfs-on__web_run1.pcap,web_browsing,True,12,12.0,10,1828,10.0,1828.0,182.8,269.78213432323497,88,948,88.0,0.0004291004604763455,0.0006523400145065854,0.0021631717681884766,0.6,0.33260393873085337
aes128gcm16-dh19-transport-pfs-on,aes128gcm16-dh19-transport-pfs-on__web_run1.pcap,web_browsing,True,13,13.0,20,3656,20.0,3656.0,182.8,262.5866473536327,88,948,88.0,0.020284740548384816,0.08753119654080489,0.3817429542541504,0.6,0.33260393873085337
aes128gcm16-dh19-transport-pfs-on,aes128gcm16-dh19-transport-pfs-on__web_run1.pcap,web_browsing,True,14,14.0,20,3656,20.0,3656.0,182.8,262.5866473536327,88,948,88.0,0.021728904623734325,0.09283252377806837,0.40507006645202637,0.6,0.33260393873085337
aes128gcm16-dh19-transport-pfs-on,aes128gcm16-dh19-transport-pfs-on__web_run1.pcap,web_browsing,True,15,15.0,20,3656,20.0,3656.0,182.8,262.5866473536327,88,948,88.0,0.028788466202585322,0.12360384233452336,0.5392019748687744,0.6,0.33260393873085337
aes128gcm16-dh19-transport-pfs-on,aes128gcm16-dh19-transport-pfs-on__web_run1.pcap,web_browsing,True,16,16.0,10,1828,10.0,1828.0,182.8,269.78213432323497,88,948,88.0,0.00044645203484429256,0.0007482885336453784,0.00238800048828125,0.6,0.33260393873085337
aes128gcm16-dh19-transport-pfs-on,aes128gcm16-dh19-transport-pfs-on__web_run1.pcap,web_browsing,True,17,17.0,20,3656,20.0,3656.0,182.8,262.5866473536327,88,948,88.0,0.02557389359725149,0.11013322865994879,0.4803638458251953,0.6,0.33260393873085337
aes128gcm16-dh19-tunnel-pfs-off,aes128gcm16-dh19-tunnel-pfs-off__file_transfer_run1.pcap,file_transfer,True,0,0.0,10113,11102808,10113.0,11102808.0,1097.8748145950756,618.9306625966927,108,1500,1500.0,9.888191294821002e-05,0.001070152792774327,0.06121206283569336,0.72639177296549,0.9726018859373232
aes128gcm16-dh19-tunnel-pfs-off,aes128gcm16-dh19-tunnel-pfs-off__file_transfer_run1.pcap,file_transfer,True,1,1.0,500,533284,500.0,533284.0,1066.568,632.8865428560292,108,1500,1500.0,9.395603187576324e-05,0.00019471740600516106,0.0037779808044433594,0.714,0.9704697684535819
aes128gcm16-dh19-tunnel-pfs-off,aes128gcm16-dh19-tunnel-pfs-off__icmp_run1.pcap,icmp,True,0,0.0,2,280,2.0,280.0,140.0,0.0,140,140,140.0,0.0004830360412597656,0.0,0.0004830360412597656,0.5,0.5
aes128gcm16-dh19-tunnel-pfs-off,aes128gcm16-dh19-tunnel-pfs-off__icmp_run1.pcap,icmp,True,1,1.0,2,280,2.0,280.0,140.0,0.0,140,140,140.0,0.00041604042053222656,0.0,0.00041604042053222656,0.5,0.5
aes128gcm16-dh19-tunnel-pfs-off,aes128gcm16-dh19-tunnel-pfs-off__icmp_run1.pcap,icmp,True,2,2.0,2,280,2.0,280.0,140.0,0.0,140,140,140.0,0.00015282630920410156,0.0,0.00015282630920410156,0.5,0.5
aes128gcm16-dh19-tunnel-pfs-off,aes128gcm16-dh19-tunnel-pfs-off__icmp_run1.pcap,icmp,True,3,3.0,2,280,2.0,280.0,140.0,0.0,140,140,140.0,0.00015592575073242188,0.0,0.00015592575073242188,0.5,0.5
aes128gcm16-dh19-tunnel-pfs-off,aes128gcm16-dh19-tunnel-pfs-off__icmp_run1.pcap,icmp,True,4,4.0,2,280,2.0,280.0,140.0,0.0,140,140,140.0,9.799003601074219e-05,0.0,9.799003601074219e-05,0.5,0.5
aes128gcm16-dh19-tunnel-pfs-off,aes128gcm16-dh19-tunnel-pfs-off__icmp_run1.pcap,icmp,True,5,5.0,2,280,2.0,280.0,140.0,0.0,140,140,140.0,0.00017714500427246094,0.0,0.00017714500427246094,0.5,0.5
aes128gcm16-dh19-tunnel-pfs-off,aes128gcm16-dh19-tunnel-pfs-off__icmp_run1.pcap,icmp,True,6,6.0,2,280,2.0,280.0,140.0,0.0,140,140,140.0,0.0002579689025878906,0.0,0.0002579689025878906,0.5,0.5
aes128gcm16-dh19-tunnel-pfs-off,aes128gcm16-dh19-tunnel-pfs-off__icmp_run1.pcap,icmp,True,7,7.0,2,280,2.0,280.0,140.0,0.0,140,140,140.0,0.0001480579376220703,0.0,0.0001480579376220703,0.5,0.5
aes128gcm16-dh19-tunnel-pfs-off,aes128gcm16-dh19-tunnel-pfs-off__icmp_run1.pcap,icmp,True,8,8.0,2,280,2.0,280.0,140.0,0.0,140,140,140.0,0.00017690658569335938,0.0,0.00017690658569335938,0.5,0.5
aes128gcm16-dh19-tunnel-pfs-off,aes128gcm16-dh19-tunnel-pfs-off__icmp_run1.pcap,icmp,True,9,9.0,2,280,2.0,280.0,140.0,0.0,140,140,140.0,0.0002999305725097656,0.0,0.0002999305725097656,0.5,0.5
aes128gcm16-dh19-tunnel-pfs-off,aes128gcm16-dh19-tunnel-pfs-off__video_run1.pcap,video_streaming,True,0,0.0,297,233436,297.0,233436.0,785.979797979798,694.0783600291611,108,1500,208.0,0.003331202912975002,0.03190154583008572,0.31885790824890137,0.4612794612794613,0.06545691324388697
aes128gcm16-dh19-tunnel-pfs-off,aes128gcm16-dh19-tunnel-pfs-off__video_run1.pcap,video_streaming,True,1,1.0,221,174900,221.0,174900.0,791.4027149321267,694.533149802379,108,1500,224.0,0.002981426499106667,0.030075032979459328,0.317141056060791,0.45701357466063347,0.06449399656946826
aes128gcm16-dh19-tunnel-pfs-off,aes128gcm16-dh19-tunnel-pfs-off__video_run1.pcap,video_streaming,True,2,2.0,167,124400,167.0,124400.0,744.9101796407185,692.0924343372315,108,1500,116.0,0.0039060489240899145,0.034574067986753894,0.316727876663208,0.47904191616766467,0.07244372990353698
aes128gcm16-dh19-tunnel-pfs-off,aes128gcm16-dh19-tunnel-pfs-off__voip_run1.pcap,voip,True,0,0.0,30,14088,30.0,14088.0,469.6,80.7796491954374,384,596,444.0,0.014081823414769667,0.03156636430080018,0.09226107597351074,0.5,0.5266893810335037
aes128gcm16-dh19-tunnel-pfs-off,aes128gcm16-dh19-tunnel-pfs-off__web_run1.pcap,web_browsing,True,0,0.0,20,4056,20.0,4056.0,202.8,262.5866473536327,108,968,108.0,0.045757368991249485,0.19866980779957188,0.8661608695983887,0.6,0.358974358974359
aes128gcm16-dh19-tunnel-pfs-off,aes128gcm16-dh19-tunnel-pfs-off__web_run1.pcap,web_browsing,True,1,1.0,20,4056,20.0,4056.0,202.8,262.5866473536327,108,968,108.0,0.01709152522839998,0.07366947968423539,0.321307897567749,0.6,0.358974358974359
aes128gcm16-dh19-tunnel-pfs-off,aes128gcm16-dh19-tunnel-pfs-off__web_run1.pcap,web_browsing,True,2,2.0,10,2028,10.0,2028.0,202.8,269.78213432323497,108,968,108.0,0.0001640054914686415,0.00011680663972815078,0.00035500526428222656,0.6,0.358974358974359
aes128gcm16-dh19-tunnel-pfs-off,aes128gcm16-dh19-tunnel-pfs-off__web_run1.pcap,web_browsing,True,3,3.0,10,2028,10.0,2028.0,202.8,269.78213432323497,108,968,108.0,0.00016257497999403212,0.00011290305736740472,0.0003528594970703125,0.6,0.358974358974359
aes128gcm16-dh19-tunnel-pfs-off,aes128gcm16-dh19-tunnel-pfs-off__web_run1.pcap,web_browsing,True,4,4.0,20,4056,20.0,4056.0,202.8,262.5866473536327,108,968,108.0,0.025324846568860505,0.10953955530852569,0.47766613960266113,0.6,0.358974358974359
aes128gcm16-dh19-tunnel-pfs-off,aes128gcm16-dh19-tunnel-pfs-off__web_run1.pcap,web_browsing,True,5,5.0,10,2028,10.0,2028.0,202.8,269.78213432323497,108,968,108.0,0.0001652240753173828,0.00012807122848852403,0.0004520416259765625,0.6,0.358974358974359
aes128gcm16-dh19-tunnel-pfs-off,aes128gcm16-dh19-tunnel-pfs-off__web_run1.pcap,web_browsing,True,6,6.0,20,4056,20.0,4056.0,202.8,262.5866473536327,108,968,108.0,0.050444264160959346,0.21861972256235424,0.9532289505004883,0.6,0.358974358974359
aes128gcm16-dh19-tunnel-pfs-off,aes128gcm16-dh19-tunnel-pfs-off__web_run1.pcap,web_browsing,True,7,7.0,20,4056,20.0,4056.0,202.8,262.5866473536327,108,968,108.0,0.03474489011262592,0.15070631693455033,0.6570839881896973,0.6,0.358974358974359
aes128gcm16-dh19-tunnel-pfs-off,aes128gcm16-dh19-tunnel-pfs-off__web_run1.pcap,web_browsing,True,8,8.0,10,2028,10.0,2028.0,202.8,269.78213432323497,108,968,108.0,0.00016111797756618925,7.85939873669381e-05,0.00026106834411621094,0.6,0.358974358974359
aes128gcm16-dh19-tunnel-pfs-off,aes128gcm16-dh19-tunnel-pfs-off__web_run1.pcap,web_browsing,True,9,9.0,20,4056,20.0,4056.0,202.8,262.5866473536327,108,968,108.0,0.024125952469675166,0.10441412237672411,0.45530200004577637,0.6,0.358974358974359
aes128gcm16-dh19-tunnel-pfs-off,aes128gcm16-dh19-tunnel-pfs-off__web_run1.pcap,web_browsing,True,10,10.0,10,2028,10.0,2028.0,202.8,269.78213432323497,108,968,108.0,0.000169780519273546,8.290082138594104e-05,0.00028395652770996094,0.6,0.358974358974359
aes128gcm16-dh19-tunnel-pfs-off,aes128gcm16-dh19-tunnel-pfs-off__web_run1.pcap,web_browsing,True,11,11.0,10,2028,10.0,2028.0,202.8,269.78213432323497,108,968,108.0,0.00020745065477159288,0.00013623167742924373,0.000415802001953125,0.6,0.358974358974359
aes128gcm16-dh19-tunnel-pfs-off,aes128gcm16-dh19-tunnel-pfs-off__web_run1.pcap,web_browsing,True,12,12.0,30,6084,30.0,6084.0,202.8,260.3131270949105,108,968,108.0,0.02691069142571811,0.10042436739754414,0.43122196197509766,0.6,0.358974358974359
aes128gcm16-dh19-tunnel-pfs-off,aes128gcm16-dh19-tunnel-pfs-off__web_run1.pcap,web_browsing,True,13,13.0,10,2028,10.0,2028.0,202.8,269.78213432323497,108,968,108.0,0.0002044306861029731,0.00012930164667171546,0.00042891502380371094,0.6,0.358974358974359
aes128gcm16-dh19-tunnel-pfs-off,aes128gcm16-dh19-tunnel-pfs-off__web_run1.pcap,web_browsing,True,14,14.0,20,4056,20.0,4056.0,202.8,262.5866473536327,108,968,108.0,0.021262156335931075,0.09191274582471881,0.4008140563964844,0.6,0.358974358974359
aes128gcm16-dh19-tunnel-pfs-off,aes128gcm16-dh19-tunnel-pfs-off__web_run1.pcap,web_browsing,True,15,15.0,20,4056,20.0,4056.0,202.8,262.5866473536327,108,968,108.0,0.03634220675418252,0.1575567619336716,0.6869699954986572,0.6,0.358974358974359
aes128gcm16-dh19-tunnel-pfs-off,aes128gcm16-dh19-tunnel-pfs-off__web_run1.pcap,web_browsing,True,16,16.0,10,2028,10.0,2028.0,202.8,269.78213432323497,108,968,108.0,0.0001720057593451606,8.992617458993231e-05,0.0002849102020263672,0.6,0.358974358974359
aes128gcm16-dh19-tunnel-pfs-off,aes128gcm16-dh19-tunnel-pfs-off__web_run1.pcap,web_browsing,True,17,17.0,20,4056,20.0,4056.0,202.8,262.5866473536327,108,968,108.0,0.034803842243395354,0.15092837542163934,0.65805983543396,0.6,0.358974358974359
aes128gcm16-dh19-tunnel-pfs-off,aes128gcm16-dh19-tunnel-pfs-off__web_run1.pcap,web_browsing,True,18,18.0,10,2028,10.0,2028.0,202.8,269.78213432323497,108,968,108.0,0.00020387437608506944,0.00014413381420104104,0.0005218982696533203,0.6,0.358974358974359
aes128gcm16-dh19-tunnel-pfs-on,aes128gcm16-dh19-tunnel-pfs-on__file_transfer_run1.pcap,file_transfer,True,0,0.0,11059,11684260,11059.0,11684260.0,1056.5385658739488,637.2442734850559,108,1500,1500.0,8.871568696023241e-05,0.0009893564683566497,0.060975074768066406,0.6965367573921692,0.968495052318247
aes128gcm16-dh19-tunnel-pfs-on,aes128gcm16-dh19-tunnel-pfs-on__icmp_run1.pcap,icmp,True,0,0.0,2,280,2.0,280.0,140.0,0.0,140,140,140.0,0.0001690387725830078,0.0,0.0001690387725830078,0.5,0.5
aes128gcm16-dh19-tunnel-pfs-on,aes128gcm16-dh19-tunnel-pfs-on__icmp_run1.pcap,icmp,True,1,1.0,2,280,2.0,280.0,140.0,0.0,140,140,140.0,0.0002079010009765625,0.0,0.0002079010009765625,0.5,0.5
aes128gcm16-dh19-tunnel-pfs-on,aes128gcm16-dh19-tunnel-pfs-on__icmp_run1.pcap,icmp,True,2,2.0,2,280,2.0,280.0,140.0,0.0,140,140,140.0,0.00023508071899414062,0.0,0.00023508071899414062,0.5,0.5
aes128gcm16-dh19-tunnel-pfs-on,aes128gcm16-dh19-tunnel-pfs-on__icmp_run1.pcap,icmp,True,3,3.0,2,280,2.0,280.0,140.0,0.0,140,140,140.0,0.00020694732666015625,0.0,0.00020694732666015625,0.5,0.5
aes128gcm16-dh19-tunnel-pfs-on,aes128gcm16-dh19-tunnel-pfs-on__icmp_run1.pcap,icmp,True,4,4.0,2,280,2.0,280.0,140.0,0.0,140,140,140.0,0.0001270771026611328,0.0,0.0001270771026611328,0.5,0.5
aes128gcm16-dh19-tunnel-pfs-on,aes128gcm16-dh19-tunnel-pfs-on__icmp_run1.pcap,icmp,True,5,5.0,2,280,2.0,280.0,140.0,0.0,140,140,140.0,0.0003249645233154297,0.0,0.0003249645233154297,0.5,0.5
aes128gcm16-dh19-tunnel-pfs-on,aes128gcm16-dh19-tunnel-pfs-on__icmp_run1.pcap,icmp,True,6,6.0,2,280,2.0,280.0,140.0,0.0,140,140,140.0,0.00026488304138183594,0.0,0.00026488304138183594,0.5,0.5
aes128gcm16-dh19-tunnel-pfs-on,aes128gcm16-dh19-tunnel-pfs-on__icmp_run1.pcap,icmp,True,7,7.0,2,280,2.0,280.0,140.0,0.0,140,140,140.0,0.00023794174194335938,0.0,0.00023794174194335938,0.5,0.5
aes128gcm16-dh19-tunnel-pfs-on,aes128gcm16-dh19-tunnel-pfs-on__icmp_run1.pcap,icmp,True,8,8.0,2,280,2.0,280.0,140.0,0.0,140,140,140.0,0.0001499652862548828,0.0,0.0001499652862548828,0.5,0.5
aes128gcm16-dh19-tunnel-pfs-on,aes128gcm16-dh19-tunnel-pfs-on__icmp_run1.pcap,icmp,True,9,9.0,2,280,2.0,280.0,140.0,0.0,140,140,140.0,0.00014400482177734375,0.0,0.00014400482177734375,0.5,0.5
aes128gcm16-dh19-tunnel-pfs-on,aes128gcm16-dh19-tunnel-pfs-on__video_run1.pcap,video_streaming,True,0,0.0,292,232896,292.0,232896.0,797.5890410958904,694.2543150028729,108,1500,222.0,0.0033629718924715756,0.032019743359759385,0.3176689147949219,0.4520547945205479,0.06329005221214619
aes128gcm16-dh19-tunnel-pfs-on,aes128gcm16-dh19-tunnel-pfs-on__video_run1.pcap,video_streaming,True,1,1.0,221,174900,221.0,174900.0,791.4027149321267,694.533149802379,108,1500,224.0,0.002999414097179066,0.030302011668878234,0.31972408294677734,0.45701357466063347,0.06449399656946826
aes128gcm16-dh19-tunnel-pfs-on,aes128gcm16-dh19-tunnel-pfs-on__video_run1.pcap,video_streaming,True,2,2.0,164,124076,164.0,124076.0,756.560975609756,692.9683479268662,108,1500,116.0,0.0039945950537371485,0.034999739529081995,0.31751108169555664,0.4695121951219512,0.07002159966472163
aes128gcm16-dh19-tunnel-pfs-on,aes128gcm16-dh19-tunnel-pfs-on__voip_run1.pcap,voip,True,0,0.0,30,14120,30.0,14120.0,470.6666666666667,79.67751092451644,388,596,444.0,0.014108238549068057,0.03156535470821604,0.09190797805786133,0.5,0.5254957507082153
aes128gcm16-dh19-tunnel-pfs-on,aes128gcm16-dh19-tunnel-pfs-on__web_run1.pcap,web_browsing,True,0,0.0,20,4056,20.0,4056.0,202.8,262.5866473536327,108,968,108.0,0.04564348020051655,0.19817943114613135,0.8640220165252686,0.6,0.358974358974359
aes128gcm16-dh19-tunnel-pfs-on,aes128gcm16-dh19-tunnel-pfs-on__web_run1.pcap,web_browsing,True,1,1.0,10,2028,10.0,2028.0,202.8,269.78213432323497,108,968,108.0,0.00022255049811469184,0.00011772550258710506,0.0004107952117919922,0.6,0.358974358974359
aes128gcm16-dh19-tunnel-pfs-on,aes128gcm16-dh19-tunnel-pfs-on__web_run1.pcap,web_browsing,True,2,2.0,10,2028,10.0,2028.0,202.8,269.78213432323497,108,968,108.0,0.00023987558152940538,0.0001615630463430799,0.0004899501800537109,0.6,0.358974358974359
aes128gcm16-dh19-tunnel-pfs-on,aes128gcm16-dh19-tunnel-pfs-on__web_run1.pcap,web_browsing,True,3,3.0,20,4056,20.0,4056.0,202.8,262.5866473536327,108,968,108.0,0.03529809650621916,0.15302060467051185,0.6671938896179199,0.6,0.358974358974359
aes128gcm16-dh19-tunnel-pfs-on,aes128gcm16-dh19-tunnel-pfs-on__web_run1.pcap,web_browsing,True,4,4.0,20,4056,20.0,4056.0,202.8,262.5866473536327,108,968,108.0,0.026075476094296102,0.11292377062967701,0.49239206314086914,0.6,0.358974358974359
aes128gcm16-dh19-tunnel-pfs-on,aes128gcm16-dh19-tunnel-pfs-on__web_run1.pcap,web_browsing,True,5,5.0,10,2028,10.0,2028.0,202.8,269.78213432323497,108,968,108.0,0.00021566285027398003,0.00019363816681887994,0.0006718635559082031,0.6,0.358974358974359
aes128gcm16-dh19-tunnel-pfs-on,aes128gcm16-dh19-tunnel-pfs-on__web_run1.pcap,web_browsing,True,6,6.0,10,2028,10.0,2028.0,202.8,269.78213432323497,108,968,108.0,0.0001499917772081163,8.884847125922793e-05,0.0002770423889160156,0.6,0.358974358974359
aes128gcm16-dh19-tunnel-pfs-on,aes128gcm16-dh19-tunnel-pfs-on__web_run1.pcap,web_browsing,True,7,7.0,10,2028,10.0,2028.0,202.8,269.78213432323497,108,968,108.0,0.00019632445441351997,0.00016966862281028364,0.0006151199340820312,0.6,0.358974358974359
aes128gcm16-dh19-tunnel-pfs-on,aes128gcm16-dh19-tunnel-pfs-on__web_run1.pcap,web_browsing,True,8,8.0,20,4056,20.0,4056.0,202.8,262.5866473536327,108,968,108.0,0.01864531165675113,0.08054856763625198,0.351269006729126,0.6,0.358974358974359
aes128gcm16-dh19-tunnel-pfs-on,aes128gcm16-dh19-tunnel-pfs-on__web_run1.pcap,web_browsing,True,9,9.0,10,2028,10.0,2028.0,202.8,269.78213432323497,108,968,108.0,0.00020588768853081597,0.00016101491158379734,0.0005040168762207031,0.6,0.358974358974359
aes128gcm16-dh19-tunnel-pfs-on,aes128gcm16-dh19-tunnel-pfs-on__web_run1.pcap,web_browsing,True,10,10.0,20,4056,20.0,4056.0,202.8,262.5866473536327,108,968,108.0,0.04363668592352616,0.18941459285703643,0.8258209228515625,0.6,0.358974358974359
aes128gcm16-dh19-tunnel-pfs-on,aes128gcm16-dh19-tunnel-pfs-on__web_run1.pcap,web_browsing,True,11,11.0,10,2028,10.0,2028.0,202.8,269.78213432323497,108,968,108.0,0.00015579329596625434,9.033752883648585e-05,0.0003349781036376953,0.6,0.358974358974359
aes128gcm16-dh19-tunnel-pfs-on,aes128gcm16-dh19-tunnel-pfs-on__web_run1.pcap,web_browsing,True,12,12.0,20,4056,20.0,4056.0,202.8,262.5866473536327,108,968,108.0,0.03440841875578228,0.1490784575787746,0.6500251293182373,0.6,0.358974358974359
aes128gcm16-dh19-tunnel-pfs-on,aes128gcm16-dh19-tunnel-pfs-on__web_run1.pcap,web_browsing,True,13,13.0,10,2028,10.0,2028.0,202.8,269.78213432323497,108,968,108.0,0.00018456247117784288,0.0001227554986093956,0.00045680999755859375,0.6,0.358974358974359
aes128gcm16-dh19-tunnel-pfs-on,aes128gcm16-dh19-tunnel-pfs-on__web_run1.pcap,web_browsing,True,14,14.0,10,2028,10.0,2028.0,202.8,269.78213432323497,108,968,108.0,0.0001933309766981337,0.0001379562318816339,0.0003910064697265625,0.6,0.358974358974359
aes128gcm16-dh19-tunnel-pfs-on,aes128gcm16-dh19-tunnel-pfs-on__web_run1.pcap,web_browsing,True,15,15.0,20,4056,20.0,4056.0,202.8,262.5866473536327,108,968,108.0,0.03436879107826635,0.14897660248060388,0.6495649814605713,0.6,0.358974358974359
aes128gcm16-dh19-tunnel-pfs-on,aes128gcm16-dh19-tunnel-pfs-on__web_run1.pcap,web_browsing,True,16,16.0,20,4056,20.0,4056.0,202.8,262.5866473536327,108,968,108.0,0.02163436538294742,0.09351526376018536,0.4078037738800049,0.6,0.358974358974359
aes128gcm16-dh19-tunnel-pfs-on,aes128gcm16-dh19-tunnel-pfs-on__web_run1.pcap,web_browsing,True,17,17.0,10,2028,10.0,2028.0,202.8,269.78213432323497,108,968,108.0,0.00018453598022460938,0.000132191277397376,0.0004260540008544922,0.6,0.358974358974359
aes128gcm16-dh19-tunnel-pfs-on,aes128gcm16-dh19-tunnel-pfs-on__web_run1.pcap,web_browsing,True,18,18.0,20,4056,20.0,4056.0,202.8,262.5866473536327,108,968,108.0,0.024777362221165708,0.10722767679552431,0.4675719738006592,0.6,0.358974358974359
aes128gcm16-dh19-tunnel-pfs-on,aes128gcm16-dh19-tunnel-pfs-on__web_run1.pcap,web_browsing,True,19,19.0,10,2028,10.0,2028.0,202.8,269.78213432323497,108,968,108.0,0.0001804298824734158,9.350757050665197e-05,0.0003440380096435547,0.6,0.358974358974359
aes128gcm16-dh19-tunnel-pfs-on,aes128gcm16-dh19-tunnel-pfs-on__web_run1.pcap,web_browsing,True,20,20.0,10,2028,10.0,2028.0,202.8,269.78213432323497,108,968,108.0,0.0001766681671142578,0.00010776183505002151,0.0004048347473144531,0.6,0.358974358974359
aes128gcm16-dh2-transport-pfs-off,aes128gcm16-dh2-transport-pfs-off__file_transfer_run1.pcap,file_transfer,True,0,0.0,6188,7973124,6188.0,7973124.0,1288.4815772462832,494.0880769498815,88,1500,1500.0,0.00016159303781383927,0.0023896921095328694,0.16032004356384277,0.8729799612152553,0.990470485596361
aes128gcm16-dh2-transport-pfs-off,aes128gcm16-dh2-transport-pfs-off__file_transfer_run1.pcap,file_transfer,True,1,1.0,2475,3330840,2475.0,3330840.0,1345.7939393939394,428.01273926763014,88,1500,1500.0,9.030233782534649e-05,0.0004482838067424738,0.007236003875732422,0.9187878787878788,0.9943821978840173
aes128gcm16-dh2-transport-pfs-off,aes128gcm16-dh2-transport-pfs-off__icmp_run1.pcap,icmp,True,0,0.0,2,240,2.0,240.0,120.0,0.0,120,120,120.0,0.0002639293670654297,0.0,0.0002639293670654297,0.5,0.5
aes128gcm16-dh2-transport-pfs-off,aes128gcm16-dh2-transport-pfs-off__icmp_run1.pcap,icmp,True,1,1.0,2,240,2.0,240.0,120.0,0.0,120,120,120.0,0.0003788471221923828,0.0,0.0003788471221923828,0.5,0.5
aes128gcm16-dh2-transport-pfs-off,aes128gcm16-dh2-transport-pfs-off__icmp_run1.pcap,icmp,True,2,2.0,2,240,2.0,240.0,120.0,0.0,120,120,120.0,0.00021314620971679688,0.0,0.00021314620971679688,0.5,0.5
aes128gcm16-dh2-transport-pfs-off,aes128gcm16-dh2-transport-pfs-off__icmp_run1.pcap,icmp,True,3,3.0,2,240,2.0,240.0,120.0,0.0,120,120,120.0,0.00023293495178222656,0.0,0.00023293495178222656,0.5,0.5
aes128gcm16-dh2-transport-pfs-off,aes128gcm16-dh2-transport-pfs-off__icmp_run1.pcap,icmp,True,4,4.0,2,240,2.0,240.0,120.0,0.0,120,120,120.0,0.00026702880859375,0.0,0.00026702880859375,0.5,0.5
aes128gcm16-dh2-transport-pfs-off,aes128gcm16-dh2-transport-pfs-off__icmp_run1.pcap,icmp,True,5,5.0,2,240,2.0,240.0,120.0,0.0,120,120,120.0,0.0001800060272216797,0.0,0.0001800060272216797,0.5,0.5
aes128gcm16-dh2-transport-pfs-off,aes128gcm16-dh2-transport-pfs-off__icmp_run1.pcap,icmp,True,6,6.0,2,240,2.0,240.0,120.0,0.0,120,120,120.0,0.00014400482177734375,0.0,0.00014400482177734375,0.5,0.5
aes128gcm16-dh2-transport-pfs-off,aes128gcm16-dh2-transport-pfs-off__icmp_run1.pcap,icmp,True,7,7.0,2,240,2.0,240.0,120.0,0.0,120,120,120.0,0.0001800060272216797,0.0,0.0001800060272216797,0.5,0.5
aes128gcm16-dh2-transport-pfs-off,aes128gcm16-dh2-transport-pfs-off__icmp_run1.pcap,icmp,True,8,8.0,2,240,2.0,240.0,120.0,0.0,120,120,120.0,0.00014090538024902344,0.0,0.00014090538024902344,0.5,0.5
aes128gcm16-dh2-transport-pfs-off,aes128gcm16-dh2-transport-pfs-off__icmp_run1.pcap,icmp,True,9,9.0,2,240,2.0,240.0,120.0,0.0,120,120,120.0,0.00026488304138183594,0.0,0.00026488304138183594,0.5,0.5
aes128gcm16-dh2-transport-pfs-off,aes128gcm16-dh2-transport-pfs-off__video_run1.pcap,video_streaming,True,0,0.0,312,259416,312.0,259416.0,831.4615384615385,697.0726976311972,88,1500,1500.0,0.0031222085860764482,0.030914740166573217,0.3168821334838867,0.4326923076923077,0.051284423474265275
aes128gcm16-dh2-transport-pfs-off,aes128gcm16-dh2-transport-pfs-off__video_run1.pcap,video_streaming,True,1,1.0,226,192556,226.0,192556.0,852.0176991150443,696.8987808831783,88,1500,1500.0,0.002880123986138238,0.029701033113139538,0.31708598136901855,0.415929203539823,0.04719665967303018
aes128gcm16-dh2-transport-pfs-off,aes128gcm16-dh2-transport-pfs-off__video_run1.pcap,video_streaming,True,2,2.0,152,126960,152.0,126960.0,835.2631578947369,698.4169681609455,88,1500,1500.0,0.004259363704959288,0.036316641178728945,0.31674790382385254,0.40789473684210525,0.04710144927536232
aes128gcm16-dh2-transport-pfs-off,aes128gcm16-dh2-transport-pfs-off__voip_run1.pcap,voip,True,0,0.0,30,13520,30.0,13520.0,450.6666666666667,79.67751092451644,368,576,424.0,0.014104966459603146,0.03157068780310193,0.09212207794189453,0.5,0.5266272189349113
aes128gcm16-dh2-transport-pfs-off,aes128gcm16-dh2-transport-pfs-off__web_run1.pcap,web_browsing,True,0,0.0,20,3656,20.0,3656.0,182.8,262.5866473536327,88,948,88.0,0.021579993398565995,0.09233475717107613,0.40286898612976074,0.6,0.33260393873085337
aes128gcm16-dh2-transport-pfs-off,aes128gcm16-dh2-transport-pfs-off__web_run1.pcap,web_browsing,True,1,1.0,20,3656,20.0,3656.0,182.8,262.5866473536327,88,948,88.0,0.0372883771595202,0.16085812782008563,0.701545000076294,0.6,0.33260393873085337
aes128gcm16-dh2-transport-pfs-off,aes128gcm16-dh2-transport-pfs-off__web_run1.pcap,web_browsing,True,2,2.0,20,3656,20.0,3656.0,182.8,262.5866473536327,88,948,88.0,0.024934480064793638,0.10694639183292569,0.46656084060668945,0.6,0.33260393873085337
aes128gcm16-dh2-transport-pfs-off,aes128gcm16-dh2-transport-pfs-off__web_run1.pcap,web_browsing,True,3,3.0,20,3656,20.0,3656.0,182.8,262.5866473536327,88,948,88.0,0.01906604515878778,0.0812826440295563,0.35471200942993164,0.6,0.33260393873085337
aes128gcm16-dh2-transport-pfs-off,aes128gcm16-dh2-transport-pfs-off__web_run1.pcap,web_browsing,True,4,4.0,10,1828,10.0,1828.0,182.8,269.78213432323497,88,948,88.0,0.0002535714043511285,0.00011748957643860843,0.00047707557678222656,0.6,0.33260393873085337
aes128gcm16-dh2-transport-pfs-off,aes128gcm16-dh2-transport-pfs-off__web_run1.pcap,web_browsing,True,5,5.0,10,1828,10.0,1828.0,182.8,269.78213432323497,88,948,88.0,0.000274764166937934,0.0001598469051680037,0.0006201267242431641,0.6,0.33260393873085337
aes128gcm16-dh2-transport-pfs-off,aes128gcm16-dh2-transport-pfs-off__web_run1.pcap,web_browsing,True,6,6.0,20,3656,20.0,3656.0,182.8,262.5866473536327,88,948,88.0,0.047400637676841335,0.20520451575826973,0.894787073135376,0.6,0.33260393873085337
aes128gcm16-dh2-transport-pfs-off,aes128gcm16-dh2-transport-pfs-off__web_run1.pcap,web_browsing,True,7,7.0,10,1828,10.0,1828.0,182.8,269.78213432323497,88,948,88.0,0.00018143653869628906,0.00010065422791833132,0.0003478527069091797,0.6,0.33260393873085337
aes128gcm16-dh2-transport-pfs-off,aes128gcm16-dh2-transport-pfs-off__web_run1.pcap,web_browsing,True,8,8.0,20,3656,20.0,3656.0,182.8,262.5866473536327,88,948,88.0,0.01811042584870991,0.07758664137412527,0.3384978771209717,0.6,0.33260393873085337
aes128gcm16-dh2-transport-pfs-off,aes128gcm16-dh2-transport-pfs-off__web_run1.pcap,web_browsing,True,9,9.0,10,1828,10.0,1828.0,182.8,269.78213432323497,88,948,88.0,0.00022477573818630644,0.00015710272818397514,0.0005240440368652344,0.6,0.33260393873085337
aes128gcm16-dh2-transport-pfs-off,aes128gcm16-dh2-transport-pfs-off__web_run1.pcap,web_browsing,True,10,10.0,20,3656,20.0,3656.0,182.8,262.5866473536327,88,948,88.0,0.030296426070363897,0.13070521137618915,0.5700380802154541,0.6,0.33260393873085337
aes128gcm16-dh2-transport-pfs-off,aes128gcm16-dh2-transport-pfs-off__web_run1.pcap,web_browsing,True,11,11.0,20,3656,20.0,3656.0,182.8,262.5866473536327,88,948,88.0,0.021477950246710526,0.09231480857707809,0.40268683433532715,0.6,0.33260393873085337
aes128gcm16-dh2-transport-pfs-off,aes128gcm16-dh2-transport-pfs-off__web_run1.pcap,web_browsing,True,12,12.0,10,1828,10.0,1828.0,182.8,269.78213432323497,88,948,88.0,0.00020888116624620225,0.00012225599600033534,0.00045299530029296875,0.6,0.33260393873085337
aes128gcm16-dh2-transport-pfs-off,aes128gcm16-dh2-transport-pfs-off__web_run1.pcap,web_browsing,True,13,13.0,20,3656,20.0,3656.0,182.8,262.5866473536327,88,948,88.0,0.03510442532991108,0.1511524401963119,0.6592800617218018,0.6,0.33260393873085337
aes128gcm16-dh2-transport-pfs-off,aes128gcm16-dh2-transport-pfs-off__web_run1.pcap,web_browsing,True,14,14.0,10,1828,10.0,1828.0,182.8,269.78213432323497,88,948,88.0,0.0004677772521972656,0.0006674409422591424,0.002206087112426758,0.6,0.33260393873085337
aes128gcm16-dh2-transport-pfs-off,aes128gcm16-dh2-transport-pfs-off__web_run1.pcap,web_browsing,True,15,15.0,10,1828,10.0,1828.0,182.8,269.78213432323497,88,948,88.0,0.0002105500962999132,0.0001651812991230484,0.0005838871002197266,0.6,0.33260393873085337
aes128gcm16-dh2-transport-pfs-off,aes128gcm16-dh2-transport-pfs-off__web_run1.pcap,web_browsing,True,16,16.0,20,3656,20.0,3656.0,182.8,262.5866473536327,88,948,88.0,0.02879625872561806,0.1240463918693823,0.5410399436950684,0.6,0.33260393873085337
aes128gcm16-dh2-transport-pfs-off,aes128gcm16-dh2-transport-pfs-off__web_run1.pcap,web_browsing,True,17,17.0,10,1828,10.0,1828.0,182.8,269.78213432323497,88,948,88.0,0.00042623943752712675,0.0006976760897948321,0.002274036407470703,0.6,0.33260393873085337
aes128gcm16-dh2-transport-pfs-off,aes128gcm16-dh2-transport-pfs-off__web_run1.pcap,web_browsing,True,18,18.0,20,3656,20.0,3656.0,182.8,262.5866473536327,88,948,88.0,0.01914735844260768,0.08207903290075301,0.35808610916137695,0.6,0.33260393873085337
aes128gcm16-dh2-transport-pfs-on,aes128gcm16-dh2-transport-pfs-on__file_transfer_run1.pcap,file_transfer,True,0,0.0,8638,11293464,8638.0,11293464.0,1307.416531604538,473.7597693066221,88,1500,1500.0,9.730335075269768e-05,0.0011437132467431368,0.0610809326171875,0.8884000926140311,0.9917775449587478
aes128gcm16-dh2-transport-pfs-on,aes128gcm16-dh2-transport-pfs-on__icmp_run1.pcap,icmp,True,0,0.0,2,240,2.0,240.0,120.0,0.0,120,120,120.0,0.00028204917907714844,0.0,0.00028204917907714844,0.5,0.5
aes128gcm16-dh2-transport-pfs-on,aes128gcm16-dh2-transport-pfs-on__icmp_run1.pcap,icmp,True,1,1.0,2,240,2.0,240.0,120.0,0.0,120,120,120.0,0.00026607513427734375,0.0,0.00026607513427734375,0.5,0.5
aes128gcm16-dh2-transport-pfs-on,aes128gcm16-dh2-transport-pfs-on__icmp_run1.pcap,icmp,True,2,2.0,2,240,2.0,240.0,120.0,0.0,120,120,120.0,0.0003540515899658203,0.0,0.0003540515899658203,0.5,0.5
aes128gcm16-dh2-transport-pfs-on,aes128gcm16-dh2-transport-pfs-on__icmp_run1.pcap,icmp,True,3,3.0,2,240,2.0,240.0,120.0,0.0,120,120,120.0,0.00030303001403808594,0.0,0.00030303001403808594,0.5,0.5
aes128gcm16-dh2-transport-pfs-on,aes128gcm16-dh2-transport-pfs-on__icmp_run1.pcap,icmp,True,4,4.0,2,240,2.0,240.0,120.0,0.0,120,120,120.0,0.00017189979553222656,0.0,0.00017189979553222656,0.5,0.5
aes128gcm16-dh2-transport-pfs-on,aes128gcm16-dh2-transport-pfs-on__icmp_run1.pcap,icmp,True,5,5.0,2,240,2.0,240.0,120.0,0.0,120,120,120.0,0.00013399124145507812,0.0,0.00013399124145507812,0.5,0.5
aes128gcm16-dh2-transport-pfs-on,aes128gcm16-dh2-transport-pfs-on__icmp_run1.pcap,icmp,True,6,6.0,2,240,2.0,240.0,120.0,0.0,120,120,120.0,0.0002357959747314453,0.0,0.0002357959747314453,0.5,0.5
aes128gcm16-dh2-transport-pfs-on,aes128gcm16-dh2-transport-pfs-on__icmp_run1.pcap,icmp,True,7,7.0,2,240,2.0,240.0,120.0,0.0,120,120,120.0,0.00020694732666015625,0.0,0.00020694732666015625,0.5,0.5
aes128gcm16-dh2-transport-pfs-on,aes128gcm16-dh2-transport-pfs-on__icmp_run1.pcap,icmp,True,8,8.0,2,240,2.0,240.0,120.0,0.0,120,120,120.0,0.00018095970153808594,0.0,0.00018095970153808594,0.5,0.5
aes128gcm16-dh2-transport-pfs-on,aes128gcm16-dh2-transport-pfs-on__icmp_run1.pcap,icmp,True,9,9.0,2,240,2.0,240.0,120.0,0.0,120,120,120.0,0.0002319812774658203,0.0,0.0002319812774658203,0.5,0.5
aes128gcm16-dh2-transport-pfs-on,aes128gcm16-dh2-transport-pfs-on__video_run1.pcap,video_streaming,True,0,0.0,290,240124,290.0,240124.0,828.0137931034483,698.0728388860341,88,1500,1500.0,0.0033409653237946716,0.031977337064188927,0.31607794761657715,0.43103448275862066,0.05002415418700338
aes128gcm16-dh2-transport-pfs-on,aes128gcm16-dh2-transport-pfs-on__video_run1.pcap,video_streaming,True,1,1.0,238,195188,238.0,195188.0,820.1176470588235,698.4791577277695,88,1500,1500.0,0.0027218689898398356,0.028920044074772215,0.3160419464111328,0.4369747899159664,0.05190892882759186
aes128gcm16-dh2-transport-pfs-on,aes128gcm16-dh2-transport-pfs-on__video_run1.pcap,video_streaming,True,2,2.0,164,129576,164.0,129576.0,790.0975609756098,699.1927968097062,88,1500,544.0,0.003957410531541321,0.03496379150037665,0.31722497940063477,0.4451219512195122,0.05476322775822683
aes128gcm16-dh2-transport-pfs-on,aes128gcm16-dh2-transport-pfs-on__voip_run1.pcap,voip,True,0,0.0,30,13520,30.0,13520.0,450.6666666666667,79.67751092451644,368,576,424.0,0.014072755287433493,0.031612619278658466,0.09185099601745605,0.5,0.5266272189349113
aes128gcm16-dh2-transport-pfs-on,aes128gcm16-dh2-transport-pfs-on__web_run1.pcap,web_browsing,True,0,0.0,20,3656,20.0,3656.0,182.8,262.5866473536327,88,948,88.0,0.04666505361858167,0.2014996334184849,0.8787498474121094,0.6,0.33260393873085337
aes128gcm16-dh2-transport-pfs-on,aes128gcm16-dh2-transport-pfs-on__web_run1.pcap,web_browsing,True,1,1.0,10,1828,10.0,1828.0,182.8,269.78213432323497,88,948,88.0,0.0003922250535753038,0.0005949168163443042,0.0019559860229492188,0.6,0.33260393873085337
aes128gcm16-dh2-transport-pfs-on,aes128gcm16-dh2-transport-pfs-on__web_run1.pcap,web_browsing,True,2,2.0,20,3656,20.0,3656.0,182.8,262.5866473536327,88,948,88.0,0.026003737198679072,0.11197386480076936,0.48839402198791504,0.6,0.33260393873085337
aes128gcm16-dh2-transport-pfs-on,aes128gcm16-dh2-transport-pfs-on__web_run1.pcap,web_browsing,True,3,3.0,20,3656,20.0,3656.0,182.8,262.5866473536327,88,948,88.0,0.03649547225550601,0.15814467739148363,0.6895511150360107,0.6,0.33260393873085337
aes128gcm16-dh2-transport-pfs-on,aes128gcm16-dh2-transport-pfs-on__web_run1.pcap,web_browsing,True,4,4.0,10,1828,10.0,1828.0,182.8,269.78213432323497,88,948,88.0,0.00019844373067220053,0.00010104708468692877,0.0004258155822753906,0.6,0.33260393873085337
aes128gcm16-dh2-transport-pfs-on,aes128gcm16-dh2-transport-pfs-on__web_run1.pcap,web_browsing,True,5,5.0,10,1828,10.0,1828.0,182.8,269.78213432323497,88,948,88.0,0.00020954344007703994,0.00014620092069639174,0.00046181678771972656,0.6,0.33260393873085337
aes128gcm16-dh2-transport-pfs-on,aes128gcm16-dh2-transport-pfs-on__web_run1.pcap,web_browsing,True,6,6.0,20,3656,20.0,3656.0,182.8,262.5866473536327,88,948,88.0,0.03444142090646844,0.14830094575561514,0.6468429565429688,0.6,0.33260393873085337
aes128gcm16-dh2-transport-pfs-on,aes128gcm16-dh2-transport-pfs-on__web_run1.pcap,web_browsing,True,7,7.0,10,1828,10.0,1828.0,182.8,269.78213432323497,88,948,88.0,0.00023468335469563803,0.0001652901604699489,0.000598907470703125,0.6,0.33260393873085337
aes128gcm16-dh2-transport-pfs-on,aes128gcm16-dh2-transport-pfs-on__web_run1.pcap,web_browsing,True,8,8.0,10,1828,10.0,1828.0,182.8,269.78213432323497,88,948,88.0,0.0003769927554660373,0.000601028669444384,0.0019659996032714844,0.6,0.33260393873085337
aes128gcm16-dh2-transport-pfs-on,aes128gcm16-dh2-transport-pfs-on__web_run1.pcap,web_browsing,True,9,9.0,20,3656,20.0,3656.0,182.8,262.5866473536327,88,948,88.0,0.03778989691483347,0.16377288392689773,0.7140870094299316,0.6,0.33260393873085337
aes128gcm16-dh2-transport-pfs-on,aes128gcm16-dh2-transport-pfs-on__web_run1.pcap,web_browsing,True,10,10.0,10,1828,10.0,1828.0,182.8,269.78213432323497,88,948,88.0,0.00022334522671169706,0.00010150772698578004,0.00037217140197753906,0.6,0.33260393873085337
aes128gcm16-dh2-transport-pfs-on,aes128gcm16-dh2-transport-pfs-on__web_run1.pcap,web_browsing,True,11,11.0,10,1828,10.0,1828.0,182.8,269.78213432323497,88,948,88.0,0.0003959072960747613,0.0006193978188357285,0.00202178955078125,0.6,0.33260393873085337
aes128gcm16-dh2-transport-pfs-on,aes128gcm16-dh2-transport-pfs-on__web_run1.pcap,web_browsing,True,12,12.0,20,3656,20.0,3656.0,182.8,262.5866473536327,88,948,88.0,0.024021412196912263,0.1037035269684633,0.45226311683654785,0.6,0.33260393873085337
aes128gcm16-dh2-transport-pfs-on,aes128gcm16-dh2-transport-pfs-on__web_run1.pcap,web_browsing,True,13,13.0,10,1828,10.0,1828.0,182.8,269.78213432323497,88,948,88.0,0.00022557046678331163,0.00014458059456369,0.0005190372467041016,0.6,0.33260393873085337
aes128gcm16-dh2-transport-pfs-on,aes128gcm16-dh2-transport-pfs-on__web_run1.pcap,web_browsing,True,14,14.0,10,1828,10.0,1828.0,182.8,269.78213432323497,88,948,88.0,0.00039688746134440106,0.0006499302054875566,0.0021011829376220703,0.6,0.33260393873085337
aes128gcm16-dh2-transport-pfs-on,aes128gcm16-dh2-transport-pfs-on__web_run1.pcap,web_browsing,True,15,15.0,20,3656,20.0,3656.0,182.8,262.5866473536327,88,948,88.0,0.03339526527806332,0.14424201150990948,0.6290378570556641,0.6,0.33260393873085337
aes128gcm16-dh2-transport-pfs-on,aes128gcm16-dh2-transport-pfs-on__web_run1.pcap,web_browsing,True,16,16.0,10,1828,10.0,1828.0,182.8,269.78213432323497,88,948,88.0,0.000251875983344184,0.00013999699159210376,0.0005331039428710938,0.6,0.33260393873085337
aes128gcm16-dh2-transport-pfs-on,aes128gcm16-dh2-transport-pfs-on__web_run1.pcap,web_browsing,True,17,17.0,10,1828,10.0,1828.0,182.8,269.78213432323497,88,948,88.0,0.00022954410976833769,0.00020606789565129222,0.0007109642028808594,0.6,0.33260393873085337
aes128gcm16-dh2-transport-pfs-on,aes128gcm16-dh2-transport-pfs-on__web_run1.pcap,web_browsing,True,18,18.0,10,1828,10.0,1828.0,182.8,269.78213432323497,88,948,88.0,0.00023621982998318144,0.00018160977853378868,0.0005619525909423828,0.6,0.33260393873085337
aes128gcm16-dh2-transport-pfs-on,aes128gcm16-dh2-transport-pfs-on__web_run1.pcap,web_browsing,True,19,19.0,30,5484,30.0,5484.0,182.8,260.3131270949105,88,948,88.0,0.03243872215007913,0.12459676835438453,0.591062068939209,0.6,0.33260393873085337
aes128gcm16-dh2-transport-pfs-on,aes128gcm16-dh2-transport-pfs-on__web_run1.pcap,web_browsing,True,20,20.0,10,1828,10.0,1828.0,182.8,269.78213432323497,88,948,88.0,0.0004107687208387587,0.0005472475021325744,0.001837015151977539,0.6,0.33260393873085337
aes128gcm16-dh2-tunnel-pfs-off,aes128gcm16-dh2-tunnel-pfs-off__file_transfer_run1.pcap,file_transfer,True,0,0.0,9848,10428632,9848.0,10428632.0,1058.9593826157595,636.3574129031128,108,1500,1500.0,0.00010154665430463534,0.0010647538516596069,0.06108903884887695,0.6979082047116165,0.9686938804629409
aes128gcm16-dh2-tunnel-pfs-off,aes128gcm16-dh2-tunnel-pfs-off__file_transfer_run1.pcap,file_transfer,True,1,1.0,1216,1256168,1216.0,1256168.0,1033.032894736842,646.2966477877918,108,1500,1500.0,9.354720880955826e-05,0.0001414543764235363,0.0040361881256103516,0.6825657894736842,0.966428057393597
aes128gcm16-dh2-tunnel-pfs-off,aes128gcm16-dh2-tunnel-pfs-off__icmp_run1.pcap,icmp,True,0,0.0,2,280,2.0,280.0,140.0,0.0,140,140,140.0,0.0006420612335205078,0.0,0.0006420612335205078,0.5,0.5
aes128gcm16-dh2-tunnel-pfs-off,aes128gcm16-dh2-tunnel-pfs-off__icmp_run1.pcap,icmp,True,1,1.0,2,280,2.0,280.0,140.0,0.0,140,140,140.0,0.00015997886657714844,0.0,0.00015997886657714844,0.5,0.5
aes128gcm16-dh2-tunnel-pfs-off,aes128gcm16-dh2-tunnel-pfs-off__icmp_run1.pcap,icmp,True,2,2.0,2,280,2.0,280.0,140.0,0.0,140,140,140.0,0.00022411346435546875,0.0,0.00022411346435546875,0.5,0.5
aes128gcm16-dh2-tunnel-pfs-off,aes128gcm16-dh2-tunnel-pfs-off__icmp_run1.pcap,icmp,True,3,3.0,2,280,2.0,280.0,140.0,0.0,140,140,140.0,0.0002200603485107422,0.0,0.0002200603485107422,0.5,0.5
aes128gcm16-dh2-tunnel-pfs-off,aes128gcm16-dh2-tunnel-pfs-off__icmp_run1.pcap,icmp,True,4,4.0,2,280,2.0,280.0,140.0,0.0,140,140,140.0,0.00034689903259277344,0.0,0.00034689903259277344,0.5,0.5
aes128gcm16-dh2-tunnel-pfs-off,aes128gcm16-dh2-tunnel-pfs-off__icmp_run1.pcap,icmp,True,5,5.0,2,280,2.0,280.0,140.0,0.0,140,140,140.0,0.00016689300537109375,0.0,0.00016689300537109375,0.5,0.5
aes128gcm16-dh2-tunnel-pfs-off,aes128gcm16-dh2-tunnel-pfs-off__icmp_run1.pcap,icmp,True,6,6.0,2,280,2.0,280.0,140.0,0.0,140,140,140.0,0.0001761913299560547,0.0,0.0001761913299560547,0.5,0.5
aes128gcm16-dh2-tunnel-pfs-off,aes128gcm16-dh2-tunnel-pfs-off__icmp_run1.pcap,icmp,True,7,7.0,2,280,2.0,280.0,140.0,0.0,140,140,140.0,0.00011515617370605469,0.0,0.00011515617370605469,0.5,0.5
aes128gcm16-dh2-tunnel-pfs-off,aes128gcm16-dh2-tunnel-pfs-off__icmp_run1.pcap,icmp,True,8,8.0,2,280,2.0,280.0,140.0,0.0,140,140,140.0,0.0001590251922607422,0.0,0.0001590251922607422,0.5,0.5
aes128gcm16-dh2-tunnel-pfs-off,aes128gcm16-dh2-tunnel-pfs-off__icmp_run1.pcap,icmp,True,9,9.0,2,280,2.0,280.0,140.0,0.0,140,140,140.0,0.00017404556274414062,0.0,0.00017404556274414062,0.5,0.5
aes128gcm16-dh2-tunnel-pfs-off,aes128gcm16-dh2-tunnel-pfs-off__video_run1.pcap,video_streaming,True,0,0.0,295,233220,295.0,233220.0,790.5762711864406,694.1713261488644,108,1500,216.0,0.003332418649375033,0.03189154369436557,0.3175699710845947,0.4576271186440678,0.06459137295257697
aes128gcm16-dh2-tunnel-pfs-off,aes128gcm16-dh2-tunnel-pfs-off__video_run1.pcap,video_streaming,True,1,1.0,220,174792,220.0,174792.0,794.5090909090909,694.5765865764367,108,1500,224.0,0.002989242065987086,0.030227562419481588,0.3176109790802002,0.45454545454545453,0.06391596869421942
aes128gcm16-dh2-tunnel-pfs-off,aes128gcm16-dh2-tunnel-pfs-off__video_run1.pcap,video_streaming,True,2,2.0,163,123968,163.0,123968.0,760.5398773006135,693.2221442663379,108,1500,116.0,0.004004821365262255,0.03503217961328447,0.31638002395629883,0.4662576687116564,0.06921140939597316
aes128gcm16-dh2-tunnel-pfs-off,aes128gcm16-dh2-tunnel-pfs-off__voip_run1.pcap,voip,True,0,0.0,30,14120,30.0,14120.0,470.6666666666667,79.67751092451644,388,596,444.0,0.014056518160063645,0.03171685759074859,0.09195494651794434,0.5,0.5254957507082153
aes128gcm16-dh2-tunnel-pfs-off,aes128gcm16-dh2-tunnel-pfs-off__web_run1.pcap,web_browsing,True,0,0.0,30,6084,30.0,6084.0,202.8,260.3131270949105,108,968,108.0,0.02870575312910409,0.10671188468812252,0.4274129867553711,0.6,0.358974358974359
aes128gcm16-dh2-tunnel-pfs-off,aes128gcm16-dh2-tunnel-pfs-off__web_run1.pcap,web_browsing,True,1,1.0,10,2028,10.0,2028.0,202.8,269.78213432323497,108,968,108.0,0.00025465753343370225,0.00024188100799376648,0.000823974609375,0.6,0.358974358974359
aes128gcm16-dh2-tunnel-pfs-off,aes128gcm16-dh2-tunnel-pfs-off__web_run1.pcap,web_browsing,True,2,2.0,10,2028,10.0,2028.0,202.8,269.78213432323497,108,968,108.0,0.000240325927734375,0.00015294742322881897,0.0005090236663818359,0.6,0.358974358974359
aes128gcm16-dh2-tunnel-pfs-off,aes128gcm16-dh2-tunnel-pfs-off__web_run1.pcap,web_browsing,True,3,3.0,10,2028,10.0,2028.0,202.8,269.78213432323497,108,968,108.0,0.0001892248789469401,0.00010897254941343829,0.00034809112548828125,0.6,0.358974358974359
aes128gcm16-dh2-tunnel-pfs-off,aes128gcm16-dh2-tunnel-pfs-off__web_run1.pcap,web_browsing,True,4,4.0,10,2028,10.0,2028.0,202.8,269.78213432323497,108,968,108.0,0.00016389952765570747,0.00010910308174677129,0.00037407875061035156,0.6,0.358974358974359
aes128gcm16-dh2-tunnel-pfs-off,aes128gcm16-dh2-tunnel-pfs-off__web_run1.pcap,web_browsing,True,5,5.0,20,4056,20.0,4056.0,202.8,262.5866473536327,108,968,108.0,0.025238689623380963,0.1091009319794696,0.4757688045501709,0.6,0.358974358974359
aes128gcm16-dh2-tunnel-pfs-off,aes128gcm16-dh2-tunnel-pfs-off__web_run1.pcap,web_browsing,True,6,6.0,20,4056,20.0,4056.0,202.8,262.5866473536327,108,968,108.0,0.02498074581748561,0.10784901464092299,0.4703400135040283,0.6,0.358974358974359
aes128gcm16-dh2-tunnel-pfs-off,aes128gcm16-dh2-tunnel-pfs-off__web_run1.pcap,web_browsing,True,7,7.0,10,2028,10.0,2028.0,202.8,269.78213432323497,108,968,108.0,0.00019356939527723525,0.00011679283034742185,0.00037789344787597656,0.6,0.358974358974359
aes128gcm16-dh2-tunnel-pfs-off,aes128gcm16-dh2-tunnel-pfs-off__web_run1.pcap,web_browsing,True,8,8.0,20,4056,20.0,4056.0,202.8,262.5866473536327,108,968,108.0,0.027973476209138568,0.12106015302047524,0.5278890132904053,0.6,0.358974358974359
aes128gcm16-dh2-tunnel-pfs-off,aes128gcm16-dh2-tunnel-pfs-off__web_run1.pcap,web_browsing,True,9,9.0,10,2028,10.0,2028.0,202.8,269.78213432323497,108,968,108.0,0.0001609855228000217,9.424591571947978e-05,0.0003352165222167969,0.6,0.358974358974359
aes128gcm16-dh2-tunnel-pfs-off,aes128gcm16-dh2-tunnel-pfs-off__web_run1.pcap,web_browsing,True,10,10.0,10,2028,10.0,2028.0,202.8,269.78213432323497,108,968,108.0,0.00019542376200358072,0.00013889647236599203,0.00041294097900390625,0.6,0.358974358974359
aes128gcm16-dh2-tunnel-pfs-off,aes128gcm16-dh2-tunnel-pfs-off__web_run1.pcap,web_browsing,True,11,11.0,20,4056,20.0,4056.0,202.8,262.5866473536327,108,968,108.0,0.034775219465556895,0.15080436363737437,0.6575191020965576,0.6,0.358974358974359
aes128gcm16-dh2-tunnel-pfs-off,aes128gcm16-dh2-tunnel-pfs-off__web_run1.pcap,web_browsing,True,12,12.0,10,2028,10.0,2028.0,202.8,269.78213432323497,108,968,108.0,0.00018334388732910156,0.00010137809183304612,0.00033092498779296875,0.6,0.358974358974359
aes128gcm16-dh2-tunnel-pfs-off,aes128gcm16-dh2-tunnel-pfs-off__web_run1.pcap,web_browsing,True,13,13.0,20,4056,20.0,4056.0,202.8,262.5866473536327,108,968,108.0,0.03746636290299265,0.16252103736806553,0.7085940837860107,0.6,0.358974358974359
aes128gcm16-dh2-tunnel-pfs-off,aes128gcm16-dh2-tunnel-pfs-off__web_run1.pcap,web_browsing,True,14,14.0,10,2028,10.0,2028.0,202.8,269.78213432323497,108,968,108.0,0.00016721089680989584,8.064012818849915e-05,0.00033020973205566406,0.6,0.358974358974359
aes128gcm16-dh2-tunnel-pfs-off,aes128gcm16-dh2-tunnel-pfs-off__web_run1.pcap,web_browsing,True,15,15.0,10,2028,10.0,2028.0,202.8,269.78213432323497,108,968,108.0,0.0001556873321533203,0.00011075838955544236,0.0003769397735595703,0.6,0.358974358974359
aes128gcm16-dh2-tunnel-pfs-off,aes128gcm16-dh2-tunnel-pfs-off__web_run1.pcap,web_browsing,True,16,16.0,20,4056,20.0,4056.0,202.8,262.5866473536327,108,968,108.0,0.045406730551468696,0.19720422509582508,0.8597581386566162,0.6,0.358974358974359
aes128gcm16-dh2-tunnel-pfs-off,aes128gcm16-dh2-tunnel-pfs-off__web_run1.pcap,web_browsing,True,17,17.0,10,2028,10.0,2028.0,202.8,269.78213432323497,108,968,108.0,0.0001892248789469401,0.00010648212560485283,0.0003910064697265625,0.6,0.358974358974359
aes128gcm16-dh2-tunnel-pfs-off,aes128gcm16-dh2-tunnel-pfs-off__web_run1.pcap,web_browsing,True,18,18.0,10,2028,10.0,2028.0,202.8,269.78213432323497,108,968,108.0,0.00018710560268825956,0.00013939087621900385,0.0005178451538085938,0.6,0.358974358974359
aes128gcm16-dh2-tunnel-pfs-off,aes128gcm16-dh2-tunnel-pfs-off__web_run1.pcap,web_browsing,True,19,19.0,20,4056,20.0,4056.0,202.8,262.5866473536327,108,968,108.0,0.030129997353804738,0.13056502140350215,0.5692958831787109,0.6,0.358974358974359
aes128gcm16-dh2-tunnel-pfs-off,aes128gcm16-dh2-tunnel-pfs-off__web_run1.pcap,web_browsing,True,20,20.0,10,2028,10.0,2028.0,202.8,269.78213432323497,108,968,108.0,0.00018832418653700087,0.00012783702318697207,0.0004172325134277344,0.6,0.358974358974359
aes128gcm16-dh2-tunnel-pfs-on,aes128gcm16-dh2-tunnel-pfs-on__file_transfer_run1.pcap,file_transfer,True,0,0.0,7938,8238700,7938.0,8238700.0,1037.8810783572687,644.5364289410442,108,1500,1500.0,0.00012597873106672073,0.0011692431451779859,0.06140398979187012,0.6827916351725876,0.9664286841370605
aes128gcm16-dh2-tunnel-pfs-on,aes128gcm16-dh2-tunnel-pfs-on__file_transfer_run1.pcap,file_transfer,True,1,1.0,3373,3472776,3373.0,3472776.0,1029.5807886154757,647.691790718141,108,1500,1500.0,9.522425322345991e-05,9.3604701161628e-05,0.0037310123443603516,0.6768455380966498,0.9658071813442618
aes128gcm16-dh2-tunnel-pfs-on,aes128gcm16-dh2-tunnel-pfs-on__icmp_run1.pcap,icmp,True,0,0.0,2,280,2.0,280.0,140.0,0.0,140,140,140.0,0.0004260540008544922,0.0,0.0004260540008544922,0.5,0.5
aes128gcm16-dh2-tunnel-pfs-on,aes128gcm16-dh2-tunnel-pfs-on__icmp_run1.pcap,icmp,True,1,1.0,2,280,2.0,280.0,140.0,0.0,140,140,140.0,0.00010204315185546875,0.0,0.00010204315185546875,0.5,0.5
aes128gcm16-dh2-tunnel-pfs-on,aes128gcm16-dh2-tunnel-pfs-on__icmp_run1.pcap,icmp,True,2,2.0,2,280,2.0,280.0,140.0,0.0,140,140,140.0,0.00015091896057128906,0.0,0.00015091896057128906,0.5,0.5
aes128gcm16-dh2-tunnel-pfs-on,aes128gcm16-dh2-tunnel-pfs-on__icmp_run1.pcap,icmp,True,3,3.0,2,280,2.0,280.0,140.0,0.0,140,140,140.0,0.00015807151794433594,0.0,0.00015807151794433594,0.5,0.5
aes128gcm16-dh2-tunnel-pfs-on,aes128gcm16-dh2-tunnel-pfs-on__icmp_run1.pcap,icmp,True,4,4.0,2,280,2.0,280.0,140.0,0.0,140,140,140.0,0.00016808509826660156,0.0,0.00016808509826660156,0.5,0.5
aes128gcm16-dh2-tunnel-pfs-on,aes128gcm16-dh2-tunnel-pfs-on__icmp_run1.pcap,icmp,True,5,5.0,2,280,2.0,280.0,140.0,0.0,140,140,140.0,0.0002510547637939453,0.0,0.0002510547637939453,0.5,0.5
aes128gcm16-dh2-tunnel-pfs-on,aes128gcm16-dh2-tunnel-pfs-on__icmp_run1.pcap,icmp,True,6,6.0,2,280,2.0,280.0,140.0,0.0,140,140,140.0,0.00014901161193847656,0.0,0.00014901161193847656,0.5,0.5
aes128gcm16-dh2-tunnel-pfs-on,aes128gcm16-dh2-tunnel-pfs-on__icmp_run1.pcap,icmp,True,7,7.0,2,280,2.0,280.0,140.0,0.0,140,140,140.0,0.00018596649169921875,0.0,0.00018596649169921875,0.5,0.5
aes128gcm16-dh2-tunnel-pfs-on,aes128gcm16-dh2-tunnel-pfs-on__icmp_run1.pcap,icmp,True,8,8.0,2,280,2.0,280.0,140.0,0.0,140,140,140.0,9.202957153320312e-05,0.0,9.202957153320312e-05,0.5,0.5
aes128gcm16-dh2-tunnel-pfs-on,aes128gcm16-dh2-tunnel-pfs-on__icmp_run1.pcap,icmp,True,9,9.0,2,280,2.0,280.0,140.0,0.0,140,140,140.0,0.00013899803161621094,0.0,0.00013899803161621094,0.5,0.5
aes128gcm16-dh2-tunnel-pfs-on,aes128gcm16-dh2-tunnel-pfs-on__video_run1.pcap,video_streaming,True,0,0.0,301,233868,301.0,233868.0,776.9700996677741,693.8074774529723,108,1500,208.0,0.0032731437683105468,0.031619630923294985,0.31900691986083984,0.4684385382059801,0.06718319735919408
aes128gcm16-dh2-tunnel-pfs-on,aes128gcm16-dh2-tunnel-pfs-on__video_run1.pcap,video_streaming,True,1,1.0,222,175008,222.0,175008.0,788.3243243243244,694.4763340105065,108,1500,216.0,0.002969234777252059,0.030051256035100206,0.3167729377746582,0.4594594594594595,0.06507131102578168
aes128gcm16-dh2-tunnel-pfs-on,aes128gcm16-dh2-tunnel-pfs-on__video_run1.pcap,video_streaming,True,2,2.0,164,124076,164.0,124076.0,756.560975609756,692.9683479268662,108,1500,116.0,0.004013232658245812,0.035092694996318695,0.3191540241241455,0.4695121951219512,0.07002159966472163
aes128gcm16-dh2-tunnel-pfs-on,aes128gcm16-dh2-tunnel-pfs-on__voip_run1.pcap,voip,True,0,0.0,30,14120,30.0,14120.0,470.6666666666667,79.67751092451644,388,596,444.0,0.014071579637198612,0.031740428749739834,0.09207797050476074,0.5,0.5254957507082153
aes128gcm16-dh2-tunnel-pfs-on,aes128gcm16-dh2-tunnel-pfs-on__web_run1.pcap,web_browsing,True,0,0.0,20,4056,20.0,4056.0,202.8,262.5866473536327,108,968,108.0,0.03411241581565455,0.14779783512772388,0.6444408893585205,0.6,0.358974358974359
aes128gcm16-dh2-tunnel-pfs-on,aes128gcm16-dh2-tunnel-pfs-on__web_run1.pcap,web_browsing,True,1,1.0,10,2028,10.0,2028.0,202.8,269.78213432323497,108,968,108.0,0.0002006689707438151,9.095325063507607e-05,0.00032901763916015625,0.6,0.358974358974359
aes128gcm16-dh2-tunnel-pfs-on,aes128gcm16-dh2-tunnel-pfs-on__web_run1.pcap,web_browsing,True,2,2.0,20,4056,20.0,4056.0,202.8,262.5866473536327,108,968,108.0,0.01942115080984015,0.08385601340870573,0.36570286750793457,0.6,0.358974358974359
aes128gcm16-dh2-tunnel-pfs-on,aes128gcm16-dh2-tunnel-pfs-on__web_run1.pcap,web_browsing,True,3,3.0,20,4056,20.0,4056.0,202.8,262.5866473536327,108,968,108.0,0.026768797322323446,0.11589548294238537,0.505357027053833,0.6,0.358974358974359
aes128gcm16-dh2-tunnel-pfs-on,aes128gcm16-dh2-tunnel-pfs-on__web_run1.pcap,web_browsing,True,4,4.0,20,4056,20.0,4056.0,202.8,262.5866473536327,108,968,108.0,0.01894279530173854,0.08180473988178781,0.3567538261413574,0.6,0.358974358974359
aes128gcm16-dh2-tunnel-pfs-on,aes128gcm16-dh2-tunnel-pfs-on__web_run1.pcap,web_browsing,True,5,5.0,20,4056,20.0,4056.0,202.8,262.5866473536327,108,968,108.0,0.0448765754699707,0.19473825335351433,0.8490447998046875,0.6,0.358974358974359
aes128gcm16-dh2-tunnel-pfs-on,aes128gcm16-dh2-tunnel-pfs-on__web_run1.pcap,web_browsing,True,6,6.0,10,2028,10.0,2028.0,202.8,269.78213432323497,108,968,108.0,0.00020588768853081597,0.00012688808979767957,0.0004458427429199219,0.6,0.358974358974359
aes128gcm16-dh2-tunnel-pfs-on,aes128gcm16-dh2-tunnel-pfs-on__web_run1.pcap,web_browsing,True,7,7.0,10,2028,10.0,2028.0,202.8,269.78213432323497,108,968,108.0,0.0001708931393093533,9.539669137692692e-05,0.00030994415283203125,0.6,0.358974358974359
aes128gcm16-dh2-tunnel-pfs-on,aes128gcm16-dh2-tunnel-pfs-on__web_run1.pcap,web_browsing,True,8,8.0,20,4056,20.0,4056.0,202.8,262.5866473536327,108,968,108.0,0.01727504479257684,0.07452367986941864,0.32501912117004395,0.6,0.358974358974359
aes128gcm16-dh2-tunnel-pfs-on,aes128gcm16-dh2-tunnel-pfs-on__web_run1.pcap,web_browsing,True,9,9.0,10,2028,10.0,2028.0,202.8,269.78213432323497,108,968,108.0,0.00017677413092719184,0.00010904595144734822,0.00034689903259277344,0.6,0.358974358974359
aes128gcm16-dh2-tunnel-pfs-on,aes128gcm16-dh2-tunnel-pfs-on__web_run1.pcap,web_browsing,True,10,10.0,20,4056,20.0,4056.0,202.8,262.5866473536327,108,968,108.0,0.040241630453812446,0.17453192605262213,0.7609679698944092,0.6,0.358974358974359
aes128gcm16-dh2-tunnel-pfs-on,aes128gcm16-dh2-tunnel-pfs-on__web_run1.pcap,web_browsing,True,11,11.0,20,4056,20.0,4056.0,202.8,262.5866473536327,108,968,108.0,0.028389529178017063,0.12289310435449127,0.5358741283416748,0.6,0.358974358974359
aes128gcm16-dh2-tunnel-pfs-on,aes128gcm16-dh2-tunnel-pfs-on__web_run1.pcap,web_browsing,True,12,12.0,10,2028,10.0,2028.0,202.8,269.78213432323497,108,968,108.0,0.00017444292704264322,7.924907688490731e-05,0.00030493736267089844,0.6,0.358974358974359
aes128gcm16-dh2-tunnel-pfs-on,aes128gcm16-dh2-tunnel-pfs-on__web_run1.pcap,web_browsing,True,13,13.0,10,2028,10.0,2028.0,202.8,269.78213432323497,108,968,108.0,0.00019065539042154947,0.00011735190368401645,0.0004019737243652344,0.6,0.358974358974359
aes128gcm16-dh2-tunnel-pfs-on,aes128gcm16-dh2-tunnel-pfs-on__web_run1.pcap,web_browsing,True,14,14.0,20,4056,20.0,4056.0,202.8,262.5866473536327,108,968,108.0,0.02300899907162315,0.09942554853856746,0.43358492851257324,0.6,0.358974358974359
aes128gcm16-dh2-tunnel-pfs-on,aes128gcm16-dh2-tunnel-pfs-on__web_run1.pcap,web_browsing,True,15,15.0,20,4056,20.0,4056.0,202.8,262.5866473536327,108,968,108.0,0.020315107546354596,0.08769816616420091,0.3824629783630371,0.6,0.358974358974359
aes128gcm16-dh2-tunnel-pfs-on,aes128gcm16-dh2-tunnel-pfs-on__web_run1.pcap,web_browsing,True,16,16.0,20,4056,20.0,4056.0,202.8,262.5866473536327,108,968,108.0,0.02911041912279631,0.12610866949705327,0.5498738288879395,0.6,0.358974358974359
aes128gcm16-dh2-tunnel-pfs-on,aes128gcm16-dh2-tunnel-pfs-on__web_run1.pcap,web_browsing,True,17,17.0,10,2028,10.0,2028.0,202.8,269.78213432323497,108,968,108.0,0.00020111931694878472,0.00012705899134970425,0.0003800392150878906,0.6,0.358974358974359
aes128gcm16-dh2-tunnel-pfs-on,aes128gcm16-dh2-tunnel-pfs-on__web_run1.pcap,web_browsing,True,18,18.0,10,2028,10.0,2028.0,202.8,269.78213432323497,108,968,108.0,0.0001671049329969618,0.00010791189705250292,0.000392913818359375,0.6,0.358974358974359
aes256-dh14-transport-pfs-off,aes256-dh14-transport-pfs-off__file_transfer_run1.pcap,file_transfer,True,0,0.0,8789,11372460,8789.0,11372460.0,1293.9424280350438,479.57327304869995,108,1500,1500.0,0.00010115100841496171,0.0011340134762887013,0.06089591979980469,0.8752986687905336,0.9891274183422056
aes256-dh14-transport-pfs-off,aes256-dh14-transport-pfs-off__icmp_run1.pcap,icmp,True,0,0.0,2,280,2.0,280.0,140.0,0.0,140,140,140.0,0.0003421306610107422,0.0,0.0003421306610107422,0.5,0.5
aes256-dh14-transport-pfs-off,aes256-dh14-transport-pfs-off__icmp_run1.pcap,icmp,True,1,1.0,2,280,2.0,280.0,140.0,0.0,140,140,140.0,0.00038814544677734375,0.0,0.00038814544677734375,0.5,0.5
aes256-dh14-transport-pfs-off,aes256-dh14-transport-pfs-off__icmp_run1.pcap,icmp,True,2,2.0,2,280,2.0,280.0,140.0,0.0,140,140,140.0,0.00013899803161621094,0.0,0.00013899803161621094,0.5,0.5
aes256-dh14-transport-pfs-off,aes256-dh14-transport-pfs-off__icmp_run1.pcap,icmp,True,3,3.0,2,280,2.0,280.0,140.0,0.0,140,140,140.0,0.0001552104949951172,0.0,0.0001552104949951172,0.5,0.5
aes256-dh14-transport-pfs-off,aes256-dh14-transport-pfs-off__icmp_run1.pcap,icmp,True,4,4.0,2,280,2.0,280.0,140.0,0.0,140,140,140.0,0.00026297569274902344,0.0,0.00026297569274902344,0.5,0.5
aes256-dh14-transport-pfs-off,aes256-dh14-transport-pfs-off__icmp_run1.pcap,icmp,True,5,5.0,2,280,2.0,280.0,140.0,0.0,140,140,140.0,0.00019788742065429688,0.0,0.00019788742065429688,0.5,0.5
aes256-dh14-transport-pfs-off,aes256-dh14-transport-pfs-off__icmp_run1.pcap,icmp,True,6,6.0,2,280,2.0,280.0,140.0,0.0,140,140,140.0,0.0002529621124267578,0.0,0.0002529621124267578,0.5,0.5
aes256-dh14-transport-pfs-off,aes256-dh14-transport-pfs-off__icmp_run1.pcap,icmp,True,7,7.0,2,280,2.0,280.0,140.0,0.0,140,140,140.0,0.00020503997802734375,0.0,0.00020503997802734375,0.5,0.5
aes256-dh14-transport-pfs-off,aes256-dh14-transport-pfs-off__icmp_run1.pcap,icmp,True,8,8.0,2,280,2.0,280.0,140.0,0.0,140,140,140.0,0.00022602081298828125,0.0,0.00022602081298828125,0.5,0.5
aes256-dh14-transport-pfs-off,aes256-dh14-transport-pfs-off__icmp_run1.pcap,icmp,True,9,9.0,2,280,2.0,280.0,140.0,0.0,140,140,140.0,0.00026988983154296875,0.0,0.00026988983154296875,0.5,0.5
aes256-dh14-transport-pfs-off,aes256-dh14-transport-pfs-off__video_run1.pcap,video_streaming,True,0,0.0,273,233244,273.0,233244.0,854.3736263736264,690.3068315284268,108,1500,1500.0,0.0035816246972364537,0.03314978335052043,0.319990873336792,0.4175824175824176,0.05463806142923291
aes256-dh14-transport-pfs-off,aes256-dh14-transport-pfs-off__video_run1.pcap,video_streaming,True,1,1.0,234,184792,234.0,184792.0,789.7094017094017,692.5671974007435,108,1500,220.0,0.0028049526296460067,0.029217616162741086,0.31931495666503906,0.4700854700854701,0.06645309320749816
aes256-dh14-transport-pfs-off,aes256-dh14-transport-pfs-off__video_run1.pcap,video_streaming,True,2,2.0,173,140828,173.0,140828.0,814.0346820809249,692.8345040144512,108,1500,1180.0,0.003738133020179216,0.033887793102382144,0.3154430389404297,0.4393063583815029,0.06078336694407362
aes256-dh14-transport-pfs-off,aes256-dh14-transport-pfs-off__voip_run1.pcap,voip,True,0,0.0,30,14040,30.0,14040.0,468.0,79.02858496379213,380,588,444.0,0.014060382185311153,0.03167667738166865,0.09202098846435547,0.5,0.5256410256410257
aes256-dh14-transport-pfs-off,aes256-dh14-transport-pfs-off__web_run1.pcap,web_browsing,True,0,0.0,20,3984,20.0,3984.0,199.2,259.55946484278644,108,956,108.0,0.03202115861993087,0.13782100267097674,0.6011459827423096,0.6,0.357429718875502
aes256-dh14-transport-pfs-off,aes256-dh14-transport-pfs-off__web_run1.pcap,web_browsing,True,1,1.0,10,1992,10.0,1992.0,199.2,266.6719999466677,108,956,108.0,0.00025465753343370225,0.00010871393395153194,0.00047898292541503906,0.6,0.357429718875502
aes256-dh14-transport-pfs-off,aes256-dh14-transport-pfs-off__web_run1.pcap,web_browsing,True,2,2.0,10,1992,10.0,1992.0,199.2,266.6719999466677,108,956,108.0,0.0004639890458848741,0.000612289193680098,0.002048015594482422,0.6,0.357429718875502
aes256-dh14-transport-pfs-off,aes256-dh14-transport-pfs-off__web_run1.pcap,web_browsing,True,3,3.0,10,1992,10.0,1992.0,199.2,266.6719999466677,108,956,108.0,0.00022111998664008247,0.00011826379323227236,0.00039386749267578125,0.6,0.357429718875502
aes256-dh14-transport-pfs-off,aes256-dh14-transport-pfs-off__web_run1.pcap,web_browsing,True,4,4.0,20,3984,20.0,3984.0,199.2,259.55946484278644,108,956,108.0,0.02950305687753778,0.1276377489910083,0.5565807819366455,0.6,0.357429718875502
aes256-dh14-transport-pfs-off,aes256-dh14-transport-pfs-off__web_run1.pcap,web_browsing,True,5,5.0,10,1992,10.0,1992.0,199.2,266.6719999466677,108,956,108.0,0.0004867712656656901,0.000846073032344021,0.002730846405029297,0.6,0.357429718875502
aes256-dh14-transport-pfs-off,aes256-dh14-transport-pfs-off__web_run1.pcap,web_browsing,True,6,6.0,20,3984,20.0,3984.0,199.2,259.55946484278644,108,956,108.0,0.025415897369384766,0.10945644658204011,0.47741103172302246,0.6,0.357429718875502
aes256-dh14-transport-pfs-off,aes256-dh14-transport-pfs-off__web_run1.pcap,web_browsing,True,7,7.0,10,1992,10.0,1992.0,199.2,266.6719999466677,108,956,108.0,0.0002010133531358507,9.135013726523616e-05,0.0003669261932373047,0.6,0.357429718875502
aes256-dh14-transport-pfs-off,aes256-dh14-transport-pfs-off__web_run1.pcap,web_browsing,True,8,8.0,20,3984,20.0,3984.0,199.2,259.55946484278644,108,956,108.0,0.01700952178553531,0.07313896844590964,0.31903505325317383,0.6,0.357429718875502
aes256-dh14-transport-pfs-off,aes256-dh14-transport-pfs-off__web_run1.pcap,web_browsing,True,9,9.0,20,3984,20.0,3984.0,199.2,259.55946484278644,108,956,108.0,0.02303783517134817,0.0989931612670146,0.4318249225616455,0.6,0.357429718875502
aes256-dh14-transport-pfs-off,aes256-dh14-transport-pfs-off__web_run1.pcap,web_browsing,True,10,10.0,10,1992,10.0,1992.0,199.2,266.6719999466677,108,956,108.0,0.00037590662638346356,0.0005450041949320727,0.0018191337585449219,0.6,0.357429718875502
aes256-dh14-transport-pfs-off,aes256-dh14-transport-pfs-off__web_run1.pcap,web_browsing,True,11,11.0,30,5976,30.0,5976.0,199.2,257.3121544497776,108,956,108.0,0.030143820006271888,0.11199450635261311,0.44736814498901367,0.6,0.357429718875502
aes256-dh14-transport-pfs-off,aes256-dh14-transport-pfs-off__web_run1.pcap,web_browsing,True,12,12.0,10,1992,10.0,1992.0,199.2,266.6719999466677,108,956,108.0,0.0004640155368381076,0.0006076022736887023,0.002054929733276367,0.6,0.357429718875502
aes256-dh14-transport-pfs-off,aes256-dh14-transport-pfs-off__web_run1.pcap,web_browsing,True,13,13.0,10,1992,10.0,1992.0,199.2,266.6719999466677,108,956,108.0,0.00039066208733452693,0.0005694269163306335,0.0018768310546875,0.6,0.357429718875502
aes256-dh14-transport-pfs-off,aes256-dh14-transport-pfs-off__web_run1.pcap,web_browsing,True,14,14.0,30,5976,30.0,5976.0,199.2,257.3121544497776,108,956,108.0,0.026601931144451273,0.09839485429918966,0.4175138473510742,0.6,0.357429718875502
aes256-dh14-transport-pfs-off,aes256-dh14-transport-pfs-off__web_run1.pcap,web_browsing,True,15,15.0,10,1992,10.0,1992.0,199.2,266.6719999466677,108,956,108.0,0.0001933309766981337,9.585253039117348e-05,0.00034689903259277344,0.6,0.357429718875502
aes256-dh14-transport-pfs-off,aes256-dh14-transport-pfs-off__web_run1.pcap,web_browsing,True,16,16.0,10,1992,10.0,1992.0,199.2,266.6719999466677,108,956,108.0,0.0002079010009765625,0.00013386608749194057,0.0004420280456542969,0.6,0.357429718875502
aes256-dh14-transport-pfs-off,aes256-dh14-transport-pfs-off__web_run1.pcap,web_browsing,True,17,17.0,20,3984,20.0,3984.0,199.2,259.55946484278644,108,956,108.0,0.027086684578343442,0.11679729475306744,0.5093960762023926,0.6,0.357429718875502
aes256-dh14-transport-pfs-off,aes256-dh14-transport-pfs-off__web_run1.pcap,web_browsing,True,18,18.0,10,1992,10.0,1992.0,199.2,266.6719999466677,108,956,108.0,0.00043956438700358075,0.0007109006877168573,0.0022830963134765625,0.6,0.357429718875502
aes256-dh14-transport-pfs-off,aes256-dh14-transport-pfs-off__web_run1.pcap,web_browsing,True,19,19.0,10,1992,10.0,1992.0,199.2,266.6719999466677,108,956,108.0,0.000194549560546875,9.699271014598842e-05,0.000331878662109375,0.6,0.357429718875502
aes256-dh14-transport-pfs-on,aes256-dh14-transport-pfs-on__file_transfer_run1.pcap,file_transfer,True,0,0.0,8875,11373700,8875.0,11373700.0,1281.543661971831,493.0408380193371,108,1500,1500.0,0.00010674994406142374,0.0011195681344224938,0.05721879005432129,0.8644507042253521,0.9880802201570289
aes256-dh14-transport-pfs-on,aes256-dh14-transport-pfs-on__icmp_run1.pcap,icmp,True,0,0.0,2,280,2.0,280.0,140.0,0.0,140,140,140.0,0.00021505355834960938,0.0,0.00021505355834960938,0.5,0.5
aes256-dh14-transport-pfs-on,aes256-dh14-transport-pfs-on__icmp_run1.pcap,icmp,True,1,1.0,2,280,2.0,280.0,140.0,0.0,140,140,140.0,0.00019598007202148438,0.0,0.00019598007202148438,0.5,0.5
aes256-dh14-transport-pfs-on,aes256-dh14-transport-pfs-on__icmp_run1.pcap,icmp,True,2,2.0,2,280,2.0,280.0,140.0,0.0,140,140,140.0,0.0002980232238769531,0.0,0.0002980232238769531,0.5,0.5
aes256-dh14-transport-pfs-on,aes256-dh14-transport-pfs-on__icmp_run1.pcap,icmp,True,3,3.0,2,280,2.0,280.0,140.0,0.0,140,140,140.0,0.00019598007202148438,0.0,0.00019598007202148438,0.5,0.5
aes256-dh14-transport-pfs-on,aes256-dh14-transport-pfs-on__icmp_run1.pcap,icmp,True,4,4.0,2,280,2.0,280.0,140.0,0.0,140,140,140.0,0.00015211105346679688,0.0,0.00015211105346679688,0.5,0.5
aes256-dh14-transport-pfs-on,aes256-dh14-transport-pfs-on__icmp_run1.pcap,icmp,True,5,5.0,2,280,2.0,280.0,140.0,0.0,140,140,140.0,0.000141143798828125,0.0,0.000141143798828125,0.5,0.5
aes256-dh14-transport-pfs-on,aes256-dh14-transport-pfs-on__icmp_run1.pcap,icmp,True,6,6.0,2,280,2.0,280.0,140.0,0.0,140,140,140.0,0.0001659393310546875,0.0,0.0001659393310546875,0.5,0.5
aes256-dh14-transport-pfs-on,aes256-dh14-transport-pfs-on__icmp_run1.pcap,icmp,True,7,7.0,2,280,2.0,280.0,140.0,0.0,140,140,140.0,0.0001430511474609375,0.0,0.0001430511474609375,0.5,0.5
aes256-dh14-transport-pfs-on,aes256-dh14-transport-pfs-on__icmp_run1.pcap,icmp,True,8,8.0,2,280,2.0,280.0,140.0,0.0,140,140,140.0,0.0002541542053222656,0.0,0.0002541542053222656,0.5,0.5
aes256-dh14-transport-pfs-on,aes256-dh14-transport-pfs-on__icmp_run1.pcap,icmp,True,9,9.0,2,280,2.0,280.0,140.0,0.0,140,140,140.0,0.00021696090698242188,0.0,0.00021696090698242188,0.5,0.5
aes256-dh14-transport-pfs-on,aes256-dh14-transport-pfs-on__video_run1.pcap,video_streaming,True,0,0.0,301,265564,301.0,265564.0,882.2724252491695,687.8435424356559,108,1500,1500.0,0.0032389132181803383,0.03142385736364185,0.316525936126709,0.4019933554817276,0.05107620008736124
aes256-dh14-transport-pfs-on,aes256-dh14-transport-pfs-on__video_run1.pcap,video_streaming,True,1,1.0,199,171204,199.0,171204.0,860.321608040201,690.1483203824336,108,1500,1500.0,0.0032865856633041844,0.031739183694041766,0.31731200218200684,0.4120603015075377,0.05369033433798276
aes256-dh14-transport-pfs-on,aes256-dh14-transport-pfs-on__video_run1.pcap,video_streaming,True,2,2.0,174,134104,174.0,134104.0,770.7126436781609,691.3850036755364,108,1500,124.0,0.003720386868956461,0.033807668875938904,0.31671881675720215,0.46551724137931033,0.06881226510767763
aes256-dh14-transport-pfs-on,aes256-dh14-transport-pfs-on__voip_run1.pcap,voip,True,0,0.0,30,14040,30.0,14040.0,468.0,79.02858496379213,380,588,444.0,0.014037518665708345,0.03166531743928028,0.09202003479003906,0.5,0.5256410256410257
aes256-dh14-transport-pfs-on,aes256-dh14-transport-pfs-on__web_run1.pcap,web_browsing,True,0,0.0,30,5976,30.0,5976.0,199.2,257.3121544497776,108,956,108.0,0.03238275955463278,0.12174346578762359,0.5416238307952881,0.6,0.357429718875502
aes256-dh14-transport-pfs-on,aes256-dh14-transport-pfs-on__web_run1.pcap,web_browsing,True,1,1.0,10,1992,10.0,1992.0,199.2,266.6719999466677,108,956,108.0,0.0002132256825764974,0.00012401891902188728,0.0004899501800537109,0.6,0.357429718875502
aes256-dh14-transport-pfs-on,aes256-dh14-transport-pfs-on__web_run1.pcap,web_browsing,True,2,2.0,10,1992,10.0,1992.0,199.2,266.6719999466677,108,956,108.0,0.00023100111219618056,0.00016954660150974568,0.0005650520324707031,0.6,0.357429718875502
aes256-dh14-transport-pfs-on,aes256-dh14-transport-pfs-on__web_run1.pcap,web_browsing,True,3,3.0,20,3984,20.0,3984.0,199.2,259.55946484278644,108,956,108.0,0.029287262966758328,0.12631535656866327,0.5509011745452881,0.6,0.357429718875502
aes256-dh14-transport-pfs-on,aes256-dh14-transport-pfs-on__web_run1.pcap,web_browsing,True,4,4.0,10,1992,10.0,1992.0,199.2,266.6719999466677,108,956,108.0,0.000455776850382487,0.0006226432885813708,0.0020551681518554688,0.6,0.357429718875502
aes256-dh14-transport-pfs-on,aes256-dh14-transport-pfs-on__web_run1.pcap,web_browsing,True,5,5.0,10,1992,10.0,1992.0,199.2,266.6719999466677,108,956,108.0,0.0004597769843207465,0.0006907237253681649,0.0022029876708984375,0.6,0.357429718875502
aes256-dh14-transport-pfs-on,aes256-dh14-transport-pfs-on__web_run1.pcap,web_browsing,True,6,6.0,20,3984,20.0,3984.0,199.2,259.55946484278644,108,956,108.0,0.027524797539961964,0.11815306205170129,0.5154290199279785,0.6,0.357429718875502
aes256-dh14-transport-pfs-on,aes256-dh14-transport-pfs-on__web_run1.pcap,web_browsing,True,7,7.0,10,1992,10.0,1992.0,199.2,266.6719999466677,108,956,108.0,0.00022790167066786025,0.0001658649560702088,0.00061798095703125,0.6,0.357429718875502
aes256-dh14-transport-pfs-on,aes256-dh14-transport-pfs-on__web_run1.pcap,web_browsing,True,8,8.0,10,1992,10.0,1992.0,199.2,266.6719999466677,108,956,108.0,0.0003975497351752387,0.0006101030596250468,0.0019969940185546875,0.6,0.357429718875502
aes256-dh14-transport-pfs-on,aes256-dh14-transport-pfs-on__web_run1.pcap,web_browsing,True,9,9.0,20,3984,20.0,3984.0,199.2,259.55946484278644,108,956,108.0,0.018596737008345753,0.07962069848657818,0.3473820686340332,0.6,0.357429718875502
aes256-dh14-transport-pfs-on,aes256-dh14-transport-pfs-on__web_run1.pcap,web_browsing,True,10,10.0,20,3984,20.0,3984.0,199.2,259.55946484278644,108,956,108.0,0.021080104928267628,0.09066163251557119,0.3954620361328125,0.6,0.357429718875502
aes256-dh14-transport-pfs-on,aes256-dh14-transport-pfs-on__web_run1.pcap,web_browsing,True,11,11.0,10,1992,10.0,1992.0,199.2,266.6719999466677,108,956,108.0,0.00019099977281358506,8.578982013075233e-05,0.0003170967102050781,0.6,0.357429718875502
aes256-dh14-transport-pfs-on,aes256-dh14-transport-pfs-on__web_run1.pcap,web_browsing,True,12,12.0,10,1992,10.0,1992.0,199.2,266.6719999466677,108,956,108.0,0.0002548959520128038,0.0001915623345358188,0.0006840229034423828,0.6,0.357429718875502
aes256-dh14-transport-pfs-on,aes256-dh14-transport-pfs-on__web_run1.pcap,web_browsing,True,13,13.0,20,3984,20.0,3984.0,199.2,259.55946484278644,108,956,108.0,0.030030162710892528,0.1296239196326107,0.5653071403503418,0.6,0.357429718875502
aes256-dh14-transport-pfs-on,aes256-dh14-transport-pfs-on__web_run1.pcap,web_browsing,True,14,14.0,10,1992,10.0,1992.0,199.2,266.6719999466677,108,956,108.0,0.0003680123223198785,0.0005333064177470894,0.0017588138580322266,0.6,0.357429718875502
aes256-dh14-transport-pfs-on,aes256-dh14-transport-pfs-on__web_run1.pcap,web_browsing,True,15,15.0,20,3984,20.0,3984.0,199.2,259.55946484278644,108,956,108.0,0.019380895715010792,0.08317700982861882,0.36285400390625,0.6,0.357429718875502
aes256-dh14-transport-pfs-on,aes256-dh14-transport-pfs-on__web_run1.pcap,web_browsing,True,16,16.0,20,3984,20.0,3984.0,199.2,259.55946484278644,108,956,108.0,0.030459692603663394,0.13088713300445579,0.5709490776062012,0.6,0.357429718875502
aes256-dh14-transport-pfs-on,aes256-dh14-transport-pfs-on__web_run1.pcap,web_browsing,True,17,17.0,10,1992,10.0,1992.0,199.2,266.6719999466677,108,956,108.0,0.00038811895582411025,0.0005910021293319487,0.0019109249114990234,0.6,0.357429718875502
aes256-dh14-transport-pfs-on,aes256-dh14-transport-pfs-on__web_run1.pcap,web_browsing,True,18,18.0,10,1992,10.0,1992.0,199.2,266.6719999466677,108,956,108.0,0.0004496574401855469,0.0006670275771332785,0.002201080322265625,0.6,0.357429718875502
aes256-dh14-transport-pfs-on,aes256-dh14-transport-pfs-on__web_run1.pcap,web_browsing,True,19,19.0,10,1992,10.0,1992.0,199.2,266.6719999466677,108,956,108.0,0.00022077560424804688,0.0001662011366112744,0.0005640983581542969,0.6,0.357429718875502
aes256-dh14-transport-pfs-on,aes256-dh14-transport-pfs-on__web_run1.pcap,web_browsing,True,20,20.0,10,1992,10.0,1992.0,199.2,266.6719999466677,108,956,108.0,0.0004342132144504123,0.0006605414355586537,0.002176046371459961,0.6,0.357429718875502
aes256-dh14-tunnel-pfs-off,aes256-dh14-tunnel-pfs-off__file_transfer_run1.pcap,file_transfer,True,0,0.0,6713,6894044,6713.0,6894044.0,1026.969164308059,644.2468862551802,124,1500,1500.0,0.0001489776536307261,0.0013303095374978646,0.06126904487609863,0.6670639058543125,0.9592105881540646
aes256-dh14-tunnel-pfs-off,aes256-dh14-tunnel-pfs-off__file_transfer_run1.pcap,file_transfer,True,1,1.0,4837,4970060,4837.0,4970060.0,1027.5087864378747,644.2003886938727,124,1500,1500.0,0.0001055091446938842,8.433277570730837e-05,0.0036001205444335938,0.6667355799048997,0.959530468445049
aes256-dh14-tunnel-pfs-off,aes256-dh14-tunnel-pfs-off__icmp_run1.pcap,icmp,True,0,0.0,2,312,2.0,312.0,156.0,0.0,156,156,156.0,0.00011396408081054688,0.0,0.00011396408081054688,0.5,0.5
aes256-dh14-tunnel-pfs-off,aes256-dh14-tunnel-pfs-off__icmp_run1.pcap,icmp,True,1,1.0,2,312,2.0,312.0,156.0,0.0,156,156,156.0,0.00011992454528808594,0.0,0.00011992454528808594,0.5,0.5
aes256-dh14-tunnel-pfs-off,aes256-dh14-tunnel-pfs-off__icmp_run1.pcap,icmp,True,2,2.0,2,312,2.0,312.0,156.0,0.0,156,156,156.0,0.0002288818359375,0.0,0.0002288818359375,0.5,0.5
aes256-dh14-tunnel-pfs-off,aes256-dh14-tunnel-pfs-off__icmp_run1.pcap,icmp,True,3,3.0,2,312,2.0,312.0,156.0,0.0,156,156,156.0,0.00010204315185546875,0.0,0.00010204315185546875,0.5,0.5
aes256-dh14-tunnel-pfs-off,aes256-dh14-tunnel-pfs-off__icmp_run1.pcap,icmp,True,4,4.0,2,312,2.0,312.0,156.0,0.0,156,156,156.0,0.0001919269561767578,0.0,0.0001919269561767578,0.5,0.5
aes256-dh14-tunnel-pfs-off,aes256-dh14-tunnel-pfs-off__icmp_run1.pcap,icmp,True,5,5.0,2,312,2.0,312.0,156.0,0.0,156,156,156.0,0.00015997886657714844,0.0,0.00015997886657714844,0.5,0.5
aes256-dh14-tunnel-pfs-off,aes256-dh14-tunnel-pfs-off__icmp_run1.pcap,icmp,True,6,6.0,2,312,2.0,312.0,156.0,0.0,156,156,156.0,0.00017404556274414062,0.0,0.00017404556274414062,0.5,0.5
aes256-dh14-tunnel-pfs-off,aes256-dh14-tunnel-pfs-off__icmp_run1.pcap,icmp,True,7,7.0,2,312,2.0,312.0,156.0,0.0,156,156,156.0,0.0001399517059326172,0.0,0.0001399517059326172,0.5,0.5
aes256-dh14-tunnel-pfs-off,aes256-dh14-tunnel-pfs-off__icmp_run1.pcap,icmp,True,8,8.0,2,312,2.0,312.0,156.0,0.0,156,156,156.0,0.00017499923706054688,0.0,0.00017499923706054688,0.5,0.5
aes256-dh14-tunnel-pfs-off,aes256-dh14-tunnel-pfs-off__icmp_run1.pcap,icmp,True,9,9.0,2,312,2.0,312.0,156.0,0.0,156,156,156.0,0.000476837158203125,0.0,0.000476837158203125,0.5,0.5
aes256-dh14-tunnel-pfs-off,aes256-dh14-tunnel-pfs-off__video_run1.pcap,video_streaming,True,0,0.0,296,236832,296.0,236832.0,800.1081081081081,683.9020163254644,124,1500,372.0,0.003315258026123047,0.03172480481279166,0.31659603118896484,0.4594594594594595,0.07309822996892312
aes256-dh14-tunnel-pfs-off,aes256-dh14-tunnel-pfs-off__video_run1.pcap,video_streaming,True,1,1.0,222,177624,222.0,177624.0,800.1081081081081,684.2887293992426,124,1500,372.0,0.002968149487249452,0.030005956884396976,0.3163430690765381,0.4594594594594595,0.07309822996892312
aes256-dh14-tunnel-pfs-off,aes256-dh14-tunnel-pfs-off__video_run1.pcap,video_streaming,True,2,2.0,166,126264,166.0,126264.0,760.6265060240963,682.9101313757154,124,1500,124.0,0.00394706003593676,0.03471119214826336,0.31718897819519043,0.46987951807228917,0.07926249762402585
aes256-dh14-tunnel-pfs-off,aes256-dh14-tunnel-pfs-off__voip_run1.pcap,voip,True,0,0.0,30,14520,30.0,14520.0,484.0,79.02858496379213,396,604,460.0,0.014067271660114157,0.03156353222095986,0.09171700477600098,0.5,0.5247933884297521
aes256-dh14-tunnel-pfs-off,aes256-dh14-tunnel-pfs-off__web_run1.pcap,web_browsing,True,0,0.0,20,4336,20.0,4336.0,216.8,264.4703943236071,124,988,124.0,0.04171331305252878,0.1809197689866898,0.7888181209564209,0.6,0.3726937269372694
aes256-dh14-tunnel-pfs-off,aes256-dh14-tunnel-pfs-off__web_run1.pcap,web_browsing,True,1,1.0,10,2168,10.0,2168.0,216.8,271.7175003565284,124,988,124.0,0.0002235571543375651,0.000150180901961208,0.0004999637603759766,0.6,0.3726937269372694
aes256-dh14-tunnel-pfs-off,aes256-dh14-tunnel-pfs-off__web_run1.pcap,web_browsing,True,2,2.0,10,2168,10.0,2168.0,216.8,271.7175003565284,124,988,124.0,0.0001884301503499349,0.0001225071941171263,0.0004470348358154297,0.6,0.3726937269372694
aes256-dh14-tunnel-pfs-off,aes256-dh14-tunnel-pfs-off__web_run1.pcap,web_browsing,True,3,3.0,10,2168,10.0,2168.0,216.8,271.7175003565284,124,988,124.0,0.0002455711364746094,0.00016201945883373347,0.0005860328674316406,0.6,0.3726937269372694
aes256-dh14-tunnel-pfs-off,aes256-dh14-tunnel-pfs-off__web_run1.pcap,web_browsing,True,4,4.0,10,2168,10.0,2168.0,216.8,271.7175003565284,124,988,124.0,0.00015423032972547744,9.184791033597303e-05,0.0002758502960205078,0.6,0.3726937269372694
aes256-dh14-tunnel-pfs-off,aes256-dh14-tunnel-pfs-off__web_run1.pcap,web_browsing,True,5,5.0,20,4336,20.0,4336.0,216.8,264.4703943236071,124,988,124.0,0.03879458025882119,0.16812844656123554,0.7330780029296875,0.6,0.3726937269372694
aes256-dh14-tunnel-pfs-off,aes256-dh14-tunnel-pfs-off__web_run1.pcap,web_browsing,True,6,6.0,10,2168,10.0,2168.0,216.8,271.7175003565284,124,988,124.0,0.00029966566297743056,0.00018720980889485374,0.0005791187286376953,0.6,0.3726937269372694
aes256-dh14-tunnel-pfs-off,aes256-dh14-tunnel-pfs-off__web_run1.pcap,web_browsing,True,7,7.0,20,4336,20.0,4336.0,216.8,264.4703943236071,124,988,124.0,0.02183799994619269,0.09432647863081108,0.41135716438293457,0.6,0.3726937269372694
aes256-dh14-tunnel-pfs-off,aes256-dh14-tunnel-pfs-off__web_run1.pcap,web_browsing,True,8,8.0,10,2168,10.0,2168.0,216.8,271.7175003565284,124,988,124.0,0.00017566151089138456,8.74756416543181e-05,0.0003180503845214844,0.6,0.3726937269372694
aes256-dh14-tunnel-pfs-off,aes256-dh14-tunnel-pfs-off__web_run1.pcap,web_browsing,True,9,9.0,10,2168,10.0,2168.0,216.8,271.7175003565284,124,988,124.0,0.00020310613844129775,0.00014622308081223964,0.0005168914794921875,0.6,0.3726937269372694
aes256-dh14-tunnel-pfs-off,aes256-dh14-tunnel-pfs-off__web_run1.pcap,web_browsing,True,10,10.0,20,4336,20.0,4336.0,216.8,264.4703943236071,124,988,124.0,0.01979057412398489,0.08553093583374326,0.3729889392852783,0.6,0.3726937269372694
aes256-dh14-tunnel-pfs-off,aes256-dh14-tunnel-pfs-off__web_run1.pcap,web_browsing,True,11,11.0,10,2168,10.0,2168.0,216.8,271.7175003565284,124,988,124.0,0.00017423099941677519,0.00011983894579967611,0.0003898143768310547,0.6,0.3726937269372694
aes256-dh14-tunnel-pfs-off,aes256-dh14-tunnel-pfs-off__web_run1.pcap,web_browsing,True,12,12.0,10,2168,10.0,2168.0,216.8,271.7175003565284,124,988,124.0,0.00023545159233940972,0.0001373655792675935,0.0004878044128417969,0.6,0.3726937269372694
aes256-dh14-tunnel-pfs-off,aes256-dh14-tunnel-pfs-off__web_run1.pcap,web_browsing,True,13,13.0,10,2168,10.0,2168.0,216.8,271.7175003565284,124,988,124.0,0.00019690725538465712,0.0001233463331610927,0.0003848075866699219,0.6,0.3726937269372694
aes256-dh14-tunnel-pfs-off,aes256-dh14-tunnel-pfs-off__web_run1.pcap,web_browsing,True,14,14.0,20,4336,20.0,4336.0,216.8,264.4703943236071,124,988,124.0,0.045970640684428965,0.19948462973859915,0.8697388172149658,0.6,0.3726937269372694
aes256-dh14-tunnel-pfs-off,aes256-dh14-tunnel-pfs-off__web_run1.pcap,web_browsing,True,15,15.0,10,2168,10.0,2168.0,216.8,271.7175003565284,124,988,124.0,0.00016721089680989584,7.055004770682552e-05,0.00026798248291015625,0.6,0.3726937269372694
aes256-dh14-tunnel-pfs-off,aes256-dh14-tunnel-pfs-off__web_run1.pcap,web_browsing,True,16,16.0,10,2168,10.0,2168.0,216.8,271.7175003565284,124,988,124.0,0.00017555554707845053,0.0001478510484602249,0.0004990100860595703,0.6,0.3726937269372694
aes256-dh14-tunnel-pfs-off,aes256-dh14-tunnel-pfs-off__web_run1.pcap,web_browsing,True,17,17.0,20,4336,20.0,4336.0,216.8,264.4703943236071,124,988,124.0,0.02214789390563965,0.09570165786941276,0.4173460006713867,0.6,0.3726937269372694
aes256-dh14-tunnel-pfs-off,aes256-dh14-tunnel-pfs-off__web_run1.pcap,web_browsing,True,18,18.0,20,4336,20.0,4336.0,216.8,264.4703943236071,124,988,124.0,0.03387399723655299,0.1468067949671126,0.6401100158691406,0.6,0.3726937269372694
aes256-dh14-tunnel-pfs-off,aes256-dh14-tunnel-pfs-off__web_run1.pcap,web_browsing,True,19,19.0,11,2292,11.0,2292.0,208.36363636363637,259.28797609116884,124,988,124.0,0.04625279903411865,0.14562056031181977,0.4606959819793701,0.6363636363636364,0.40663176265270506
aes256-dh14-tunnel-pfs-off,aes256-dh14-tunnel-pfs-off__web_run1.pcap,web_browsing,True,20,20.0,19,4212,19.0,4212.0,221.68421052631578,270.7891866853826,124,988,124.0,0.03454838858710395,0.14575736388294486,0.618588924407959,0.5789473684210527,0.35422602089268757
aes256-dh14-tunnel-pfs-off,aes256-dh14-tunnel-pfs-off__web_run1.pcap,web_browsing,True,21,21.0,10,2168,10.0,2168.0,216.8,271.7175003565284,124,988,124.0,0.00017468134562174478,9.024969929831839e-05,0.00032782554626464844,0.6,0.3726937269372694
aes256-dh14-tunnel-pfs-on,aes256-dh14-tunnel-pfs-on__file_transfer_run1.pcap,file_transfer,True,0,0.0,5697,5873148,5697.0,5873148.0,1030.9194312796208,642.8132892705927,124,1500,1500.0,0.0001755486127365841,0.0024628834726210342,0.16056299209594727,0.6703528172722486,0.9596958905173171
aes256-dh14-tunnel-pfs-on,aes256-dh14-tunnel-pfs-on__file_transfer_run1.pcap,file_transfer,True,1,1.0,5790,5983144,5790.0,5983144.0,1033.3582037996546,642.1893853167147,124,1500,1500.0,0.00010724581673800544,7.926269215594855e-05,0.0034418106079101562,0.670811744386874,0.9602523355613705
aes256-dh14-tunnel-pfs-on,aes256-dh14-tunnel-pfs-on__icmp_run1.pcap,icmp,True,0,0.0,2,312,2.0,312.0,156.0,0.0,156,156,156.0,0.00036406517028808594,0.0,0.00036406517028808594,0.5,0.5
aes256-dh14-tunnel-pfs-on,aes256-dh14-tunnel-pfs-on__icmp_run1.pcap,icmp,True,1,1.0,2,312,2.0,312.0,156.0,0.0,156,156,156.0,0.00019407272338867188,0.0,0.00019407272338867188,0.5,0.5
aes256-dh14-tunnel-pfs-on,aes256-dh14-tunnel-pfs-on__icmp_run1.pcap,icmp,True,2,2.0,2,312,2.0,312.0,156.0,0.0,156,156,156.0,0.00035190582275390625,0.0,0.00035190582275390625,0.5,0.5
aes256-dh14-tunnel-pfs-on,aes256-dh14-tunnel-pfs-on__icmp_run1.pcap,icmp,True,3,3.0,2,312,2.0,312.0,156.0,0.0,156,156,156.0,0.00013303756713867188,0.0,0.00013303756713867188,0.5,0.5
aes256-dh14-tunnel-pfs-on,aes256-dh14-tunnel-pfs-on__icmp_run1.pcap,icmp,True,4,4.0,2,312,2.0,312.0,156.0,0.0,156,156,156.0,0.0004038810729980469,0.0,0.0004038810729980469,0.5,0.5
aes256-dh14-tunnel-pfs-on,aes256-dh14-tunnel-pfs-on__icmp_run1.pcap,icmp,True,5,5.0,2,312,2.0,312.0,156.0,0.0,156,156,156.0,0.0005321502685546875,0.0,0.0005321502685546875,0.5,0.5
aes256-dh14-tunnel-pfs-on,aes256-dh14-tunnel-pfs-on__icmp_run1.pcap,icmp,True,6,6.0,2,312,2.0,312.0,156.0,0.0,156,156,156.0,0.0001049041748046875,0.0,0.0001049041748046875,0.5,0.5
aes256-dh14-tunnel-pfs-on,aes256-dh14-tunnel-pfs-on__icmp_run1.pcap,icmp,True,7,7.0,2,312,2.0,312.0,156.0,0.0,156,156,156.0,0.0003330707550048828,0.0,0.0003330707550048828,0.5,0.5
aes256-dh14-tunnel-pfs-on,aes256-dh14-tunnel-pfs-on__icmp_run1.pcap,icmp,True,8,8.0,2,312,2.0,312.0,156.0,0.0,156,156,156.0,0.00026679039001464844,0.0,0.00026679039001464844,0.5,0.5
aes256-dh14-tunnel-pfs-on,aes256-dh14-tunnel-pfs-on__icmp_run1.pcap,icmp,True,9,9.0,2,312,2.0,312.0,156.0,0.0,156,156,156.0,0.0003399848937988281,0.0,0.0003399848937988281,0.5,0.5
aes256-dh14-tunnel-pfs-on,aes256-dh14-tunnel-pfs-on__video_run1.pcap,video_streaming,True,0,0.0,296,236832,296.0,236832.0,800.1081081081081,683.9020163254644,124,1500,372.0,0.00334105087538897,0.03186713791248274,0.31731605529785156,0.4594594594594595,0.07309822996892312
aes256-dh14-tunnel-pfs-on,aes256-dh14-tunnel-pfs-on__video_run1.pcap,video_streaming,True,1,1.0,224,177872,224.0,177872.0,794.0714285714286,684.1890452087057,124,1500,236.0,0.002931493280179832,0.02979214334832513,0.3154449462890625,0.4642857142857143,0.07439057299631195
aes256-dh14-tunnel-pfs-on,aes256-dh14-tunnel-pfs-on__video_run1.pcap,video_streaming,True,2,2.0,166,126264,166.0,126264.0,760.6265060240963,682.9101313757154,124,1500,124.0,0.003936787807580197,0.03466044065836869,0.31609106063842773,0.46987951807228917,0.07926249762402585
aes256-dh14-tunnel-pfs-on,aes256-dh14-tunnel-pfs-on__voip_run1.pcap,voip,True,0,0.0,30,14520,30.0,14520.0,484.0,79.02858496379213,396,604,460.0,0.014096687579977101,0.03172458582647123,0.09246993064880371,0.5,0.5247933884297521
aes256-dh14-tunnel-pfs-on,aes256-dh14-tunnel-pfs-on__web_run1.pcap,web_browsing,True,0,0.0,30,6504,30.0,6504.0,216.8,262.18056426032433,124,988,124.0,0.033501690831677665,0.12680526346644758,0.572396993637085,0.6,0.3726937269372694
aes256-dh14-tunnel-pfs-on,aes256-dh14-tunnel-pfs-on__web_run1.pcap,web_browsing,True,1,1.0,10,2168,10.0,2168.0,216.8,271.7175003565284,124,988,124.0,0.00021810001797146269,0.00014187957800424652,0.0005190372467041016,0.6,0.3726937269372694
aes256-dh14-tunnel-pfs-on,aes256-dh14-tunnel-pfs-on__web_run1.pcap,web_browsing,True,2,2.0,10,2168,10.0,2168.0,216.8,271.7175003565284,124,988,124.0,0.0002437697516547309,0.00016901611924506548,0.0006182193756103516,0.6,0.3726937269372694
aes256-dh14-tunnel-pfs-on,aes256-dh14-tunnel-pfs-on__web_run1.pcap,web_browsing,True,3,3.0,20,4336,20.0,4336.0,216.8,264.4703943236071,124,988,124.0,0.02358616025824296,0.10201164474014947,0.4448411464691162,0.6,0.3726937269372694
aes256-dh14-tunnel-pfs-on,aes256-dh14-tunnel-pfs-on__web_run1.pcap,web_browsing,True,4,4.0,10,2168,10.0,2168.0,216.8,271.7175003565284,124,988,124.0,0.00023733245001898872,0.00019524760772720882,0.0005109310150146484,0.6,0.3726937269372694
aes256-dh14-tunnel-pfs-on,aes256-dh14-tunnel-pfs-on__web_run1.pcap,web_browsing,True,5,5.0,20,4336,20.0,4336.0,216.8,264.4703943236071,124,988,124.0,0.02918553352355957,0.12639931768238905,0.5511491298675537,0.6,0.3726937269372694
aes256-dh14-tunnel-pfs-on,aes256-dh14-tunnel-pfs-on__web_run1.pcap,web_browsing,True,6,6.0,20,4336,20.0,4336.0,216.8,264.4703943236071,124,988,124.0,0.027388999336644224,0.11841345733640812,0.5163748264312744,0.6,0.3726937269372694
aes256-dh14-tunnel-pfs-on,aes256-dh14-tunnel-pfs-on__web_run1.pcap,web_browsing,True,7,7.0,20,4336,20.0,4336.0,216.8,264.4703943236071,124,988,124.0,0.019499791295904862,0.0840508649119862,0.36658596992492676,0.6,0.3726937269372694
aes256-dh14-tunnel-pfs-on,aes256-dh14-tunnel-pfs-on__web_run1.pcap,web_browsing,True,8,8.0,10,2168,10.0,2168.0,216.8,271.7175003565284,124,988,124.0,0.00020056300693088106,0.00012362329669193876,0.000370025634765625,0.6,0.3726937269372694
aes256-dh14-tunnel-pfs-on,aes256-dh14-tunnel-pfs-on__web_run1.pcap,web_browsing,True,9,9.0,20,4336,20.0,4336.0,216.8,264.4703943236071,124,988,124.0,0.050688743591308594,0.22000122160869592,0.9591798782348633,0.6,0.3726937269372694
aes256-dh14-tunnel-pfs-on,aes256-dh14-tunnel-pfs-on__web_run1.pcap,web_browsing,True,10,10.0,10,2168,10.0,2168.0,216.8,271.7175003565284,124,988,124.0,0.00020700030856662325,0.00012136962200951839,0.000453948974609375,0.6,0.3726937269372694
aes256-dh14-tunnel-pfs-on,aes256-dh14-tunnel-pfs-on__web_run1.pcap,web_browsing,True,11,11.0,10,2168,10.0,2168.0,216.8,271.7175003565284,124,988,124.0,0.00020390086703830294,0.00012504666826179198,0.00041103363037109375,0.6,0.3726937269372694
aes256-dh14-tunnel-pfs-on,aes256-dh14-tunnel-pfs-on__web_run1.pcap,web_browsing,True,12,12.0,30,6504,30.0,6504.0,216.8,262.18056426032433,124,988,124.0,0.03257892871725148,0.12131495268497156,0.4972259998321533,0.6,0.3726937269372694
aes256-dh14-tunnel-pfs-on,aes256-dh14-tunnel-pfs-on__web_run1.pcap,web_browsing,True,13,13.0,10,2168,10.0,2168.0,216.8,271.7175003565284,124,988,124.0,0.0001808802286783854,0.00015482533366493177,0.0005371570587158203,0.6,0.3726937269372694
aes256-dh14-tunnel-pfs-on,aes256-dh14-tunnel-pfs-on__web_run1.pcap,web_browsing,True,14,14.0,20,4336,20.0,4336.0,216.8,264.4703943236071,124,988,124.0,0.03321077949122379,0.14397500071611533,0.6277530193328857,0.6,0.3726937269372694
aes256-dh14-tunnel-pfs-on,aes256-dh14-tunnel-pfs-on__web_run1.pcap,web_browsing,True,15,15.0,20,4336,20.0,4336.0,216.8,264.4703943236071,124,988,124.0,0.018878685800652755,0.08146433977202076,0.3552839756011963,0.6,0.3726937269372694
aes256-dh14-tunnel-pfs-on,aes256-dh14-tunnel-pfs-on__web_run1.pcap,web_browsing,True,16,16.0,20,4336,20.0,4336.0,216.8,264.4703943236071,124,988,124.0,0.04168920767934699,0.18099188481572087,0.7890920639038086,0.6,0.3726937269372694
aes256-dh14-tunnel-pfs-on,aes256-dh14-tunnel-pfs-on__web_run1.pcap,web_browsing,True,17,17.0,10,2168,10.0,2168.0,216.8,271.7175003565284,124,988,124.0,0.00021002027723524306,0.00013417795625127898,0.0004711151123046875,0.6,0.3726937269372694
aes256-dh19-transport-pfs-off,aes256-dh19-transport-pfs-off__file_transfer_run1.pcap,file_transfer,True,0,0.0,8561,11340748,8561.0,11340748.0,1324.698983763579,447.8352721601879,108,1500,1500.0,0.00011667511730550605,0.001171360536654023,0.061041831970214844,0.894755285597477,0.9909554466777677
aes256-dh19-transport-pfs-off,aes256-dh19-transport-pfs-off__icmp_run1.pcap,icmp,True,0,0.0,2,280,2.0,280.0,140.0,0.0,140,140,140.0,0.0001220703125,0.0,0.0001220703125,0.5,0.5
aes256-dh19-transport-pfs-off,aes256-dh19-transport-pfs-off__icmp_run1.pcap,icmp,True,1,1.0,2,280,2.0,280.0,140.0,0.0,140,140,140.0,0.00015401840209960938,0.0,0.00015401840209960938,0.5,0.5
aes256-dh19-transport-pfs-off,aes256-dh19-transport-pfs-off__icmp_run1.pcap,icmp,True,2,2.0,2,280,2.0,280.0,140.0,0.0,140,140,140.0,0.00019693374633789062,0.0,0.00019693374633789062,0.5,0.5
aes256-dh19-transport-pfs-off,aes256-dh19-transport-pfs-off__icmp_run1.pcap,icmp,True,3,3.0,2,280,2.0,280.0,140.0,0.0,140,140,140.0,0.0002281665802001953,0.0,0.0002281665802001953,0.5,0.5
aes256-dh19-transport-pfs-off,aes256-dh19-transport-pfs-off__icmp_run1.pcap,icmp,True,4,4.0,2,280,2.0,280.0,140.0,0.0,140,140,140.0,0.000202178955078125,0.0,0.000202178955078125,0.5,0.5
aes256-dh19-transport-pfs-off,aes256-dh19-transport-pfs-off__icmp_run1.pcap,icmp,True,5,5.0,2,280,2.0,280.0,140.0,0.0,140,140,140.0,0.00017595291137695312,0.0,0.00017595291137695312,0.5,0.5
aes256-dh19-transport-pfs-off,aes256-dh19-transport-pfs-off__icmp_run1.pcap,icmp,True,6,6.0,2,280,2.0,280.0,140.0,0.0,140,140,140.0,0.0001709461212158203,0.0,0.0001709461212158203,0.5,0.5
aes256-dh19-transport-pfs-off,aes256-dh19-transport-pfs-off__icmp_run1.pcap,icmp,True,7,7.0,2,280,2.0,280.0,140.0,0.0,140,140,140.0,0.00017595291137695312,0.0,0.00017595291137695312,0.5,0.5
aes256-dh19-transport-pfs-off,aes256-dh19-transport-pfs-off__icmp_run1.pcap,icmp,True,8,8.0,2,280,2.0,280.0,140.0,0.0,140,140,140.0,0.0002231597900390625,0.0,0.0002231597900390625,0.5,0.5
aes256-dh19-transport-pfs-off,aes256-dh19-transport-pfs-off__icmp_run1.pcap,icmp,True,9,9.0,2,280,2.0,280.0,140.0,0.0,140,140,140.0,0.00021791458129882812,0.0,0.00021791458129882812,0.5,0.5
aes256-dh19-transport-pfs-off,aes256-dh19-transport-pfs-off__video_run1.pcap,video_streaming,True,0,0.0,267,228420,267.0,228420.0,855.5056179775281,690.1354741734992,108,1500,1500.0,0.0036896243131250366,0.03389113496473079,0.3267660140991211,0.4157303370786517,0.054373522458628844
aes256-dh19-transport-pfs-off,aes256-dh19-transport-pfs-off__video_run1.pcap,video_streaming,True,1,1.0,208,183312,208.0,183312.0,881.3076923076923,688.2597964287585,108,1500,1500.0,0.003119279796950483,0.031044739859980897,0.31793689727783203,0.39903846153846156,0.050733176224142446
aes256-dh19-transport-pfs-off,aes256-dh19-transport-pfs-off__video_run1.pcap,video_streaming,True,2,2.0,184,153392,184.0,153392.0,833.6521739130435,691.1515445912544,108,1500,1500.0,0.0035704367799185665,0.033287923112481334,0.32449889183044434,0.42934782608695654,0.05948158965265463
aes256-dh19-transport-pfs-off,aes256-dh19-transport-pfs-off__voip_run1.pcap,voip,True,0,0.0,30,14040,30.0,14040.0,468.0,79.02858496379213,380,588,444.0,0.014070617741551893,0.031731236029211546,0.09258198738098145,0.5,0.5256410256410257
aes256-dh19-transport-pfs-off,aes256-dh19-transport-pfs-off__web_run1.pcap,web_browsing,True,0,0.0,20,3984,20.0,3984.0,199.2,259.55946484278644,108,956,108.0,0.032274999116596426,0.1388050141567894,0.6054620742797852,0.6,0.357429718875502
aes256-dh19-transport-pfs-off,aes256-dh19-transport-pfs-off__web_run1.pcap,web_browsing,True,1,1.0,20,3984,20.0,3984.0,199.2,259.55946484278644,108,956,108.0,0.019253203743382505,0.08205101966504597,0.35807204246520996,0.6,0.357429718875502
aes256-dh19-transport-pfs-off,aes256-dh19-transport-pfs-off__web_run1.pcap,web_browsing,True,2,2.0,10,1992,10.0,1992.0,199.2,266.6719999466677,108,956,108.0,0.00045034620496961806,0.0005922392783396384,0.0019388198852539062,0.6,0.357429718875502
aes256-dh19-transport-pfs-off,aes256-dh19-transport-pfs-off__web_run1.pcap,web_browsing,True,3,3.0,20,3984,20.0,3984.0,199.2,259.55946484278644,108,956,108.0,0.017126095922369706,0.07357904829892645,0.3209691047668457,0.6,0.357429718875502
aes256-dh19-transport-pfs-off,aes256-dh19-transport-pfs-off__web_run1.pcap,web_browsing,True,4,4.0,20,3984,20.0,3984.0,199.2,259.55946484278644,108,956,108.0,0.02771994942112973,0.1195375013420993,0.5213451385498047,0.6,0.357429718875502
aes256-dh19-transport-pfs-off,aes256-dh19-transport-pfs-off__web_run1.pcap,web_browsing,True,5,5.0,20,3984,20.0,3984.0,199.2,259.55946484278644,108,956,108.0,0.049742786507857475,0.21318377830208415,0.9300589561462402,0.6,0.357429718875502
aes256-dh19-transport-pfs-off,aes256-dh19-transport-pfs-off__web_run1.pcap,web_browsing,True,6,6.0,20,3984,20.0,3984.0,199.2,259.55946484278644,108,956,108.0,0.030763262196591024,0.1323061005997562,0.5771141052246094,0.6,0.357429718875502
aes256-dh19-transport-pfs-off,aes256-dh19-transport-pfs-off__web_run1.pcap,web_browsing,True,7,7.0,10,1992,10.0,1992.0,199.2,266.6719999466677,108,956,108.0,0.00021224551730685763,0.0001101211759556174,0.00039696693420410156,0.6,0.357429718875502
aes256-dh19-transport-pfs-off,aes256-dh19-transport-pfs-off__web_run1.pcap,web_browsing,True,8,8.0,10,1992,10.0,1992.0,199.2,266.6719999466677,108,956,108.0,0.0004792213439941406,0.0006495231228749127,0.0021638870239257812,0.6,0.357429718875502
aes256-dh19-transport-pfs-off,aes256-dh19-transport-pfs-off__web_run1.pcap,web_browsing,True,9,9.0,10,1992,10.0,1992.0,199.2,266.6719999466677,108,956,108.0,0.00046133995056152344,0.0007251088944198755,0.002374887466430664,0.6,0.357429718875502
aes256-dh19-transport-pfs-off,aes256-dh19-transport-pfs-off__web_run1.pcap,web_browsing,True,10,10.0,10,1992,10.0,1992.0,199.2,266.6719999466677,108,956,108.0,0.0004469818539089627,0.0007339311170995925,0.0023670196533203125,0.6,0.357429718875502
aes256-dh19-transport-pfs-off,aes256-dh19-transport-pfs-off__web_run1.pcap,web_browsing,True,11,11.0,10,1992,10.0,1992.0,199.2,266.6719999466677,108,956,108.0,0.0003981060451931424,0.0005381707803418514,0.001795053482055664,0.6,0.357429718875502
aes256-dh19-transport-pfs-off,aes256-dh19-transport-pfs-off__web_run1.pcap,web_browsing,True,12,12.0,20,3984,20.0,3984.0,199.2,259.55946484278644,108,956,108.0,0.031354201467413655,0.13562470760282241,0.5914139747619629,0.6,0.357429718875502
aes256-dh19-transport-pfs-off,aes256-dh19-transport-pfs-off__web_run1.pcap,web_browsing,True,13,13.0,10,1992,10.0,1992.0,199.2,266.6719999466677,108,956,108.0,0.0003993511199951172,0.0006353969644513031,0.0020830631256103516,0.6,0.357429718875502
aes256-dh19-transport-pfs-off,aes256-dh19-transport-pfs-off__web_run1.pcap,web_browsing,True,14,14.0,20,3984,20.0,3984.0,199.2,259.55946484278644,108,956,108.0,0.035870062677483806,0.15495062623212166,0.6757340431213379,0.6,0.357429718875502
aes256-dh19-transport-pfs-off,aes256-dh19-transport-pfs-off__web_run1.pcap,web_browsing,True,15,15.0,20,3984,20.0,3984.0,199.2,259.55946484278644,108,956,108.0,0.03255294498644377,0.1409750646657474,0.6147069931030273,0.6,0.357429718875502
aes256-dh19-transport-pfs-off,aes256-dh19-transport-pfs-off__web_run1.pcap,web_browsing,True,16,16.0,10,1992,10.0,1992.0,199.2,266.6719999466677,108,956,108.0,0.00021677547030978731,0.00013832478962920976,0.0004229545593261719,0.6,0.357429718875502
aes256-dh19-transport-pfs-off,aes256-dh19-transport-pfs-off__web_run1.pcap,web_browsing,True,17,17.0,20,3984,20.0,3984.0,199.2,259.55946484278644,108,956,108.0,0.02008174595079924,0.08622500212943272,0.3761429786682129,0.6,0.357429718875502
aes256-dh19-transport-pfs-off,aes256-dh19-transport-pfs-off__web_run1.pcap,web_browsing,True,18,18.0,20,3984,20.0,3984.0,199.2,259.55946484278644,108,956,108.0,0.029294315137361224,0.12633451476052396,0.5509881973266602,0.6,0.357429718875502
aes256-dh19-transport-pfs-on,aes256-dh19-transport-pfs-on__file_transfer_run1.pcap,file_transfer,True,0,0.0,8836,11360784,8836.0,11360784.0,1285.7383431416931,487.90920359293256,108,1500,1500.0,0.00010734826882950114,0.001154123028558704,0.06068897247314453,0.8690583974649162,0.9885405795938027
aes256-dh19-transport-pfs-on,aes256-dh19-transport-pfs-on__icmp_run1.pcap,icmp,True,0,0.0,2,280,2.0,280.0,140.0,0.0,140,140,140.0,0.0001220703125,0.0,0.0001220703125,0.5,0.5
aes256-dh19-transport-pfs-on,aes256-dh19-transport-pfs-on__icmp_run1.pcap,icmp,True,1,1.0,2,280,2.0,280.0,140.0,0.0,140,140,140.0,0.00016498565673828125,0.0,0.00016498565673828125,0.5,0.5
aes256-dh19-transport-pfs-on,aes256-dh19-transport-pfs-on__icmp_run1.pcap,icmp,True,2,2.0,2,280,2.0,280.0,140.0,0.0,140,140,140.0,0.0002560615539550781,0.0,0.0002560615539550781,0.5,0.5
aes256-dh19-transport-pfs-on,aes256-dh19-transport-pfs-on__icmp_run1.pcap,icmp,True,3,3.0,2,280,2.0,280.0,140.0,0.0,140,140,140.0,0.00017404556274414062,0.0,0.00017404556274414062,0.5,0.5
aes256-dh19-transport-pfs-on,aes256-dh19-transport-pfs-on__icmp_run1.pcap,icmp,True,4,4.0,2,280,2.0,280.0,140.0,0.0,140,140,140.0,0.0001480579376220703,0.0,0.0001480579376220703,0.5,0.5
aes256-dh19-transport-pfs-on,aes256-dh19-transport-pfs-on__icmp_run1.pcap,icmp,True,5,5.0,2,280,2.0,280.0,140.0,0.0,140,140,140.0,0.00013303756713867188,0.0,0.00013303756713867188,0.5,0.5
aes256-dh19-transport-pfs-on,aes256-dh19-transport-pfs-on__icmp_run1.pcap,icmp,True,6,6.0,2,280,2.0,280.0,140.0,0.0,140,140,140.0,0.0002608299255371094,0.0,0.0002608299255371094,0.5,0.5
aes256-dh19-transport-pfs-on,aes256-dh19-transport-pfs-on__icmp_run1.pcap,icmp,True,7,7.0,2,280,2.0,280.0,140.0,0.0,140,140,140.0,0.00020694732666015625,0.0,0.00020694732666015625,0.5,0.5
aes256-dh19-transport-pfs-on,aes256-dh19-transport-pfs-on__icmp_run1.pcap,icmp,True,8,8.0,2,280,2.0,280.0,140.0,0.0,140,140,140.0,0.0002319812774658203,0.0,0.0002319812774658203,0.5,0.5
aes256-dh19-transport-pfs-on,aes256-dh19-transport-pfs-on__icmp_run1.pcap,icmp,True,9,9.0,2,280,2.0,280.0,140.0,0.0,140,140,140.0,0.000286102294921875,0.0,0.000286102294921875,0.5,0.5
aes256-dh19-transport-pfs-on,aes256-dh19-transport-pfs-on__video_run1.pcap,video_streaming,True,0,0.0,252,231024,252.0,231024.0,916.7619047619048,682.3445336534294,108,1500,1500.0,0.0038733339879617273,0.0344519610959811,0.31812214851379395,0.36904761904761907,0.04555370870558903
aes256-dh19-transport-pfs-on,aes256-dh19-transport-pfs-on__video_run1.pcap,video_streaming,True,1,1.0,212,180960,212.0,180960.0,853.5849056603773,690.8877298925671,108,1500,1500.0,0.0030701137831990752,0.030738599217765186,0.3168511390686035,0.419811320754717,0.05497347480106101
aes256-dh19-transport-pfs-on,aes256-dh19-transport-pfs-on__video_run1.pcap,video_streaming,True,2,2.0,155,126340,155.0,126340.0,815.0967741935484,692.558973757747,108,1500,1180.0,0.0041789342830707505,0.035920707376874424,0.31677889823913574,0.432258064516129,0.05993351274339085
aes256-dh19-transport-pfs-on,aes256-dh19-transport-pfs-on__voip_run1.pcap,voip,True,0,0.0,30,14040,30.0,14040.0,468.0,79.02858496379213,380,588,444.0,0.014046973195569268,0.03185523153651705,0.09293293952941895,0.5,0.5256410256410257
aes256-dh19-transport-pfs-on,aes256-dh19-transport-pfs-on__web_run1.pcap,web_browsing,True,0,0.0,20,3984,20.0,3984.0,199.2,259.55946484278644,108,956,108.0,0.047447417911730315,0.20530611068407395,0.8952531814575195,0.6,0.357429718875502
aes256-dh19-transport-pfs-on,aes256-dh19-transport-pfs-on__web_run1.pcap,web_browsing,True,1,1.0,10,1992,10.0,1992.0,199.2,266.6719999466677,108,956,108.0,0.000352780024210612,0.0004996633445705671,0.0016601085662841797,0.6,0.357429718875502
aes256-dh19-transport-pfs-on,aes256-dh19-transport-pfs-on__web_run1.pcap,web_browsing,True,2,2.0,10,1992,10.0,1992.0,199.2,266.6719999466677,108,956,108.0,0.00023590193854437934,0.00012814145343179557,0.0004391670227050781,0.6,0.357429718875502
aes256-dh19-transport-pfs-on,aes256-dh19-transport-pfs-on__web_run1.pcap,web_browsing,True,3,3.0,20,3984,20.0,3984.0,199.2,259.55946484278644,108,956,108.0,0.026733837629619398,0.11500266189576855,0.5016319751739502,0.6,0.357429718875502
aes256-dh19-transport-pfs-on,aes256-dh19-transport-pfs-on__web_run1.pcap,web_browsing,True,4,4.0,20,3984,20.0,3984.0,199.2,259.55946484278644,108,956,108.0,0.019570363195318925,0.08387243206603356,0.36591601371765137,0.6,0.357429718875502
aes256-dh19-transport-pfs-on,aes256-dh19-transport-pfs-on__web_run1.pcap,web_browsing,True,5,5.0,10,1992,10.0,1992.0,199.2,266.6719999466677,108,956,108.0,0.00025844573974609375,0.00016865321457200025,0.0005741119384765625,0.6,0.357429718875502
aes256-dh19-transport-pfs-on,aes256-dh19-transport-pfs-on__web_run1.pcap,web_browsing,True,6,6.0,15,2596,15.0,2596.0,173.06666666666666,217.74672924119457,108,956,108.0,0.04569157532283238,0.1695276542659886,0.6346940994262695,0.6,0.423728813559322
aes256-dh19-transport-pfs-on,aes256-dh19-transport-pfs-on__web_run1.pcap,web_browsing,True,7,7.0,15,3380,15.0,3380.0,225.33333333333334,297.10475946244634,108,956,108.0,0.04803471905844552,0.1783937553447144,0.6678431034088135,0.6,0.30650887573964497
aes256-dh19-transport-pfs-on,aes256-dh19-transport-pfs-on__web_run1.pcap,web_browsing,True,8,8.0,20,3984,20.0,3984.0,199.2,259.55946484278644,108,956,108.0,0.01906879324662058,0.08224869608411287,0.35871315002441406,0.6,0.357429718875502
aes256-dh19-transport-pfs-on,aes256-dh19-transport-pfs-on__web_run1.pcap,web_browsing,True,9,9.0,10,1992,10.0,1992.0,199.2,266.6719999466677,108,956,108.0,0.0004341072506374783,0.0006171828475537481,0.002053976058959961,0.6,0.357429718875502
aes256-dh19-transport-pfs-on,aes256-dh19-transport-pfs-on__web_run1.pcap,web_browsing,True,10,10.0,20,3984,20.0,3984.0,199.2,259.55946484278644,108,956,108.0,0.028404361323306437,0.12208168632493731,0.5325338840484619,0.6,0.357429718875502
aes256-dh19-transport-pfs-on,aes256-dh19-transport-pfs-on__web_run1.pcap,web_browsing,True,11,11.0,20,3984,20.0,3984.0,199.2,259.55946484278644,108,956,108.0,0.03302905434056332,0.14253712459452395,0.6216311454772949,0.6,0.357429718875502
aes256-dh19-transport-pfs-on,aes256-dh19-transport-pfs-on__web_run1.pcap,web_browsing,True,12,12.0,10,1992,10.0,1992.0,199.2,266.6719999466677,108,956,108.0,0.00020856327480740019,0.00013073888700029302,0.00038695335388183594,0.6,0.357429718875502
aes256-dh19-transport-pfs-on,aes256-dh19-transport-pfs-on__web_run1.pcap,web_browsing,True,13,13.0,20,3984,20.0,3984.0,199.2,259.55946484278644,108,956,108.0,0.029788732528686523,0.12796009785310578,0.5581920146942139,0.6,0.357429718875502
aes256-dh19-transport-pfs-on,aes256-dh19-transport-pfs-on__web_run1.pcap,web_browsing,True,14,14.0,10,1992,10.0,1992.0,199.2,266.6719999466677,108,956,108.0,0.0002320077684190538,0.0001831622490649779,0.0006580352783203125,0.6,0.357429718875502
aes256-dh19-transport-pfs-on,aes256-dh19-transport-pfs-on__web_run1.pcap,web_browsing,True,15,15.0,20,3984,20.0,3984.0,199.2,259.55946484278644,108,956,108.0,0.025592578084845292,0.11061205793828939,0.4823629856109619,0.6,0.357429718875502
aes256-dh19-transport-pfs-on,aes256-dh19-transport-pfs-on__web_run1.pcap,web_browsing,True,16,16.0,20,3984,20.0,3984.0,199.2,259.55946484278644,108,956,108.0,0.03131857671235737,0.13523582632171885,0.5897698402404785,0.6,0.357429718875502
aes256-dh19-transport-pfs-on,aes256-dh19-transport-pfs-on__web_run1.pcap,web_browsing,True,17,17.0,10,1992,10.0,1992.0,199.2,266.6719999466677,108,956,108.0,0.00021221902635362413,0.00012293347485042472,0.0005030632019042969,0.6,0.357429718875502
aes256-dh19-transport-pfs-on,aes256-dh19-transport-pfs-on__web_run1.pcap,web_browsing,True,18,18.0,10,1992,10.0,1992.0,199.2,266.6719999466677,108,956,108.0,0.00021354357401529947,0.00011124200584441327,0.00041604042053222656,0.6,0.357429718875502
aes256-dh19-transport-pfs-on,aes256-dh19-transport-pfs-on__web_run1.pcap,web_browsing,True,19,19.0,10,1992,10.0,1992.0,199.2,266.6719999466677,108,956,108.0,0.0003960132598876953,0.0006286298404801086,0.002051830291748047,0.6,0.357429718875502
aes256-dh19-tunnel-pfs-off,aes256-dh19-tunnel-pfs-off__file_transfer_run1.pcap,file_transfer,True,0,0.0,10114,10686600,10114.0,10686600.0,1056.6145936325886,633.3596321065307,124,1500,1500.0,9.888055168249175e-05,0.0010550059034601241,0.0607600212097168,0.6882539054775558,0.9629565998540228
aes256-dh19-tunnel-pfs-off,aes256-dh19-tunnel-pfs-off__file_transfer_run1.pcap,file_transfer,True,1,1.0,1080,1133344,1080.0,1133344.0,1049.3925925925926,636.1812519258103,124,1500,1500.0,6.370438371575244e-05,0.00012657501276394195,0.0032951831817626953,0.687037037037037,0.9626521162153768
aes256-dh19-tunnel-pfs-off,aes256-dh19-tunnel-pfs-off__icmp_run1.pcap,icmp,True,0,0.0,2,312,2.0,312.0,156.0,0.0,156,156,156.0,0.00010991096496582031,0.0,0.00010991096496582031,0.5,0.5
aes256-dh19-tunnel-pfs-off,aes256-dh19-tunnel-pfs-off__icmp_run1.pcap,icmp,True,1,1.0,2,312,2.0,312.0,156.0,0.0,156,156,156.0,0.00022101402282714844,0.0,0.00022101402282714844,0.5,0.5
aes256-dh19-tunnel-pfs-off,aes256-dh19-tunnel-pfs-off__icmp_run1.pcap,icmp,True,2,2.0,2,312,2.0,312.0,156.0,0.0,156,156,156.0,0.0002968311309814453,0.0,0.0002968311309814453,0.5,0.5
aes256-dh19-tunnel-pfs-off,aes256-dh19-tunnel-pfs-off__icmp_run1.pcap,icmp,True,3,3.0,2,312,2.0,312.0,156.0,0.0,156,156,156.0,0.00011491775512695312,0.0,0.00011491775512695312,0.5,0.5
aes256-dh19-tunnel-pfs-off,aes256-dh19-tunnel-pfs-off__icmp_run1.pcap,icmp,True,4,4.0,2,312,2.0,312.0,156.0,0.0,156,156,156.0,0.00011992454528808594,0.0,0.00011992454528808594,0.5,0.5
aes256-dh19-tunnel-pfs-off,aes256-dh19-tunnel-pfs-off__icmp_run1.pcap,icmp,True,5,5.0,2,312,2.0,312.0,156.0,0.0,156,156,156.0,0.0001819133758544922,0.0,0.0001819133758544922,0.5,0.5
aes256-dh19-tunnel-pfs-off,aes256-dh19-tunnel-pfs-off__icmp_run1.pcap,icmp,True,6,6.0,2,312,2.0,312.0,156.0,0.0,156,156,156.0,0.0004799365997314453,0.0,0.0004799365997314453,0.5,0.5
aes256-dh19-tunnel-pfs-off,aes256-dh19-tunnel-pfs-off__icmp_run1.pcap,icmp,True,7,7.0,2,312,2.0,312.0,156.0,0.0,156,156,156.0,0.00010085105895996094,0.0,0.00010085105895996094,0.5,0.5
aes256-dh19-tunnel-pfs-off,aes256-dh19-tunnel-pfs-off__icmp_run1.pcap,icmp,True,8,8.0,2,312,2.0,312.0,156.0,0.0,156,156,156.0,0.0002028942108154297,0.0,0.0002028942108154297,0.5,0.5
aes256-dh19-tunnel-pfs-off,aes256-dh19-tunnel-pfs-off__icmp_run1.pcap,icmp,True,9,9.0,2,312,2.0,312.0,156.0,0.0,156,156,156.0,0.0002529621124267578,0.0,0.0002529621124267578,0.5,0.5
aes256-dh19-tunnel-pfs-off,aes256-dh19-tunnel-pfs-off__video_run1.pcap,video_streaming,True,0,0.0,296,236832,296.0,236832.0,800.1081081081081,683.9020163254644,124,1500,372.0,0.0033274472770044358,0.03185478743144675,0.318234920501709,0.4594594594594595,0.07309822996892312
aes256-dh19-tunnel-pfs-off,aes256-dh19-tunnel-pfs-off__video_run1.pcap,video_streaming,True,1,1.0,222,177624,222.0,177624.0,800.1081081081081,684.2887293992426,124,1500,372.0,0.002981832124528842,0.030084319404534987,0.3173079490661621,0.4594594594594595,0.07309822996892312
aes256-dh19-tunnel-pfs-off,aes256-dh19-tunnel-pfs-off__video_run1.pcap,video_streaming,True,2,2.0,168,126512,168.0,126512.0,753.047619047619,682.3320684322726,124,1500,124.0,0.003891166812645461,0.03458035098043983,0.318328857421875,0.47619047619047616,0.08106740862526875
aes256-dh19-tunnel-pfs-off,aes256-dh19-tunnel-pfs-off__voip_run1.pcap,voip,True,0,0.0,30,14520,30.0,14520.0,484.0,79.02858496379213,396,604,460.0,0.014090110515726024,0.031566735699128115,0.09250402450561523,0.5,0.5247933884297521
aes256-dh19-tunnel-pfs-off,aes256-dh19-tunnel-pfs-off__web_run1.pcap,web_browsing,True,0,0.0,20,4336,20.0,4336.0,216.8,264.4703943236071,124,988,124.0,0.044317621933786494,0.19229727800454943,0.8384058475494385,0.6,0.3726937269372694
aes256-dh19-tunnel-pfs-off,aes256-dh19-tunnel-pfs-off__web_run1.pcap,web_browsing,True,1,1.0,10,2168,10.0,2168.0,216.8,271.7175003565284,124,988,124.0,0.0001972251468234592,0.00012750110789792003,0.0004451274871826172,0.6,0.3726937269372694
aes256-dh19-tunnel-pfs-off,aes256-dh19-tunnel-pfs-off__web_run1.pcap,web_browsing,True,2,2.0,10,2168,10.0,2168.0,216.8,271.7175003565284,124,988,124.0,0.00023478931850857206,0.00017017904904216384,0.0005900859832763672,0.6,0.3726937269372694
aes256-dh19-tunnel-pfs-off,aes256-dh19-tunnel-pfs-off__web_run1.pcap,web_browsing,True,3,3.0,10,2168,10.0,2168.0,216.8,271.7175003565284,124,988,124.0,0.00016954210069444444,0.00011114490398149974,0.0003609657287597656,0.6,0.3726937269372694
aes256-dh19-tunnel-pfs-off,aes256-dh19-tunnel-pfs-off__web_run1.pcap,web_browsing,True,4,4.0,10,2168,10.0,2168.0,216.8,271.7175003565284,124,988,124.0,0.0002257823944091797,0.00014287082910441912,0.0004940032958984375,0.6,0.3726937269372694
aes256-dh19-tunnel-pfs-off,aes256-dh19-tunnel-pfs-off__web_run1.pcap,web_browsing,True,5,5.0,10,2168,10.0,2168.0,216.8,271.7175003565284,124,988,124.0,0.00020501348707411025,0.00011591547727058865,0.0003769397735595703,0.6,0.3726937269372694
aes256-dh19-tunnel-pfs-off,aes256-dh19-tunnel-pfs-off__web_run1.pcap,web_browsing,True,6,6.0,20,4336,20.0,4336.0,216.8,264.4703943236071,124,988,124.0,0.03440736469469572,0.14900170658763892,0.6497070789337158,0.6,0.3726937269372694
aes256-dh19-tunnel-pfs-off,aes256-dh19-tunnel-pfs-off__web_run1.pcap,web_browsing,True,7,7.0,10,2168,10.0,2168.0,216.8,271.7175003565284,124,988,124.0,0.00017301241556803385,0.00013464788199690647,0.00047779083251953125,0.6,0.3726937269372694
aes256-dh19-tunnel-pfs-off,aes256-dh19-tunnel-pfs-off__web_run1.pcap,web_browsing,True,8,8.0,10,2168,10.0,2168.0,216.8,271.7175003565284,124,988,124.0,0.0003539986080593533,0.000465697704268724,0.0015559196472167969,0.6,0.3726937269372694
aes256-dh19-tunnel-pfs-off,aes256-dh19-tunnel-pfs-off__web_run1.pcap,web_browsing,True,9,9.0,10,2168,10.0,2168.0,216.8,271.7175003565284,124,988,124.0,0.00023667017618815103,0.00019439449745702902,0.0006849765777587891,0.6,0.3726937269372694
aes256-dh19-tunnel-pfs-off,aes256-dh19-tunnel-pfs-off__web_run1.pcap,web_browsing,True,10,10.0,20,4336,20.0,4336.0,216.8,264.4703943236071,124,988,124.0,0.022247101131238435,0.09613466691495362,0.4192330837249756,0.6,0.3726937269372694
aes256-dh19-tunnel-pfs-off,aes256-dh19-tunnel-pfs-off__web_run1.pcap,web_browsing,True,11,11.0,20,4336,20.0,4336.0,216.8,264.4703943236071,124,988,124.0,0.02456405288294742,0.10622397446006186,0.4632139205932617,0.6,0.3726937269372694
aes256-dh19-tunnel-pfs-off,aes256-dh19-tunnel-pfs-off__web_run1.pcap,web_browsing,True,12,12.0,10,2168,10.0,2168.0,216.8,271.7175003565284,124,988,124.0,0.0004421075185139974,0.0007564493827256956,0.0024459362030029297,0.6,0.3726937269372694
aes256-dh19-tunnel-pfs-off,aes256-dh19-tunnel-pfs-off__web_run1.pcap,web_browsing,True,13,13.0,10,2168,10.0,2168.0,216.8,271.7175003565284,124,988,124.0,0.00018077426486545138,9.178517509305348e-05,0.00032711029052734375,0.6,0.3726937269372694
aes256-dh19-tunnel-pfs-off,aes256-dh19-tunnel-pfs-off__web_run1.pcap,web_browsing,True,14,14.0,10,2168,10.0,2168.0,216.8,271.7175003565284,124,988,124.0,0.00018435054355197481,0.00011831885482250045,0.00041222572326660156,0.6,0.3726937269372694
aes256-dh19-tunnel-pfs-off,aes256-dh19-tunnel-pfs-off__web_run1.pcap,web_browsing,True,15,15.0,13,2540,13.0,2540.0,195.3846153846154,238.80729276327193,124,988,124.0,0.07466499010721843,0.2580942193134872,0.8942241668701172,0.6153846153846154,0.415748031496063
aes256-dh19-tunnel-pfs-off,aes256-dh19-tunnel-pfs-off__web_run1.pcap,web_browsing,True,16,16.0,17,3964,17.0,3964.0,233.1764705882353,284.88511616398057,124,988,124.0,0.050947949290275574,0.20303206143446773,0.8123180866241455,0.5882352941176471,0.34510595358224017
aes256-dh19-tunnel-pfs-off,aes256-dh19-tunnel-pfs-off__web_run1.pcap,web_browsing,True,17,17.0,20,4336,20.0,4336.0,216.8,264.4703943236071,124,988,124.0,0.03702978083961889,0.16062697089654276,0.7003359794616699,0.6,0.3726937269372694
aes256-dh19-tunnel-pfs-off,aes256-dh19-tunnel-pfs-off__web_run1.pcap,web_browsing,True,18,18.0,10,2168,10.0,2168.0,216.8,271.7175003565284,124,988,124.0,0.00020554330613878038,0.00012158701475387167,0.00045800209045410156,0.6,0.3726937269372694
aes256-dh19-tunnel-pfs-off,aes256-dh19-tunnel-pfs-off__web_run1.pcap,web_browsing,True,19,19.0,20,4336,20.0,4336.0,216.8,264.4703943236071,124,988,124.0,0.027282576811941045,0.1181333656178923,0.5151121616363525,0.6,0.3726937269372694
aes256-dh19-tunnel-pfs-off,aes256-dh19-tunnel-pfs-off__web_run1.pcap,web_browsing,True,20,20.0,10,2168,10.0,2168.0,216.8,271.7175003565284,124,988,124.0,0.00021465619405110678,0.00012713149563497623,0.0004968643188476562,0.6,0.3726937269372694
aes256-dh19-tunnel-pfs-off,aes256-dh19-tunnel-pfs-off__web_run1.pcap,web_browsing,True,21,21.0,10,2168,10.0,2168.0,216.8,271.7175003565284,124,988,124.0,0.00016699896918402778,0.00012156653988929813,0.0004138946533203125,0.6,0.3726937269372694
aes256-dh19-tunnel-pfs-off,aes256-dh19-tunnel-pfs-off__web_run1.pcap,web_browsing,True,22,22.0,10,2168,10.0,2168.0,216.8,271.7175003565284,124,988,124.0,0.00020233790079752603,0.00015086226430370585,0.0005171298980712891,0.6,0.3726937269372694
aes256-dh19-tunnel-pfs-on,aes256-dh19-tunnel-pfs-on__file_transfer_run1.pcap,file_transfer,True,0,0.0,9128,9577216,9128.0,9577216.0,1049.2129710780018,636.184155076154,124,1500,1500.0,0.00010955998523219387,0.001105589315119264,0.061502933502197266,0.6829535495179667,0.9620424139958835
aes256-dh19-tunnel-pfs-on,aes256-dh19-tunnel-pfs-on__file_transfer_run1.pcap,file_transfer,True,1,1.0,2133,2251052,2133.0,2251052.0,1055.3455227379277,633.9783076222138,124,1500,1500.0,6.696956466331268e-05,9.582999921642447e-05,0.003036022186279297,0.6887013595874355,0.9631390123373427
aes256-dh19-tunnel-pfs-on,aes256-dh19-tunnel-pfs-on__icmp_run1.pcap,icmp,True,0,0.0,2,312,2.0,312.0,156.0,0.0,156,156,156.0,0.00030493736267089844,0.0,0.00030493736267089844,0.5,0.5
aes256-dh19-tunnel-pfs-on,aes256-dh19-tunnel-pfs-on__icmp_run1.pcap,icmp,True,1,1.0,2,312,2.0,312.0,156.0,0.0,156,156,156.0,0.0001239776611328125,0.0,0.0001239776611328125,0.5,0.5
aes256-dh19-tunnel-pfs-on,aes256-dh19-tunnel-pfs-on__icmp_run1.pcap,icmp,True,2,2.0,2,312,2.0,312.0,156.0,0.0,156,156,156.0,0.0002288818359375,0.0,0.0002288818359375,0.5,0.5
aes256-dh19-tunnel-pfs-on,aes256-dh19-tunnel-pfs-on__icmp_run1.pcap,icmp,True,3,3.0,2,312,2.0,312.0,156.0,0.0,156,156,156.0,0.00016307830810546875,0.0,0.00016307830810546875,0.5,0.5
aes256-dh19-tunnel-pfs-on,aes256-dh19-tunnel-pfs-on__icmp_run1.pcap,icmp,True,4,4.0,2,312,2.0,312.0,156.0,0.0,156,156,156.0,0.0001518726348876953,0.0,0.0001518726348876953,0.5,0.5
aes256-dh19-tunnel-pfs-on,aes256-dh19-tunnel-pfs-on__icmp_run1.pcap,icmp,True,5,5.0,2,312,2.0,312.0,156.0,0.0,156,156,156.0,0.00010204315185546875,0.0,0.00010204315185546875,0.5,0.5
aes256-dh19-tunnel-pfs-on,aes256-dh19-tunnel-pfs-on__icmp_run1.pcap,icmp,True,6,6.0,2,312,2.0,312.0,156.0,0.0,156,156,156.0,0.0004429817199707031,0.0,0.0004429817199707031,0.5,0.5
aes256-dh19-tunnel-pfs-on,aes256-dh19-tunnel-pfs-on__icmp_run1.pcap,icmp,True,7,7.0,2,312,2.0,312.0,156.0,0.0,156,156,156.0,0.00010800361633300781,0.0,0.00010800361633300781,0.5,0.5
aes256-dh19-tunnel-pfs-on,aes256-dh19-tunnel-pfs-on__icmp_run1.pcap,icmp,True,8,8.0,2,312,2.0,312.0,156.0,0.0,156,156,156.0,0.00012087821960449219,0.0,0.00012087821960449219,0.5,0.5
aes256-dh19-tunnel-pfs-on,aes256-dh19-tunnel-pfs-on__icmp_run1.pcap,icmp,True,9,9.0,2,312,2.0,312.0,156.0,0.0,156,156,156.0,0.0002269744873046875,0.0,0.0002269744873046875,0.5,0.5
aes256-dh19-tunnel-pfs-on,aes256-dh19-tunnel-pfs-on__video_run1.pcap,video_streaming,True,0,0.0,296,236832,296.0,236832.0,800.1081081081081,683.9020163254644,124,1500,372.0,0.0033403727967860333,0.03185735639092331,0.31819891929626465,0.4594594594594595,0.07309822996892312
aes256-dh19-tunnel-pfs-on,aes256-dh19-tunnel-pfs-on__video_run1.pcap,video_streaming,True,1,1.0,225,177996,225.0,177996.0,791.0933333333334,684.1201565305824,124,1500,236.0,0.0029901212879589628,0.030095242859617264,0.31995511054992676,0.4666666666666667,0.07503539405379896
aes256-dh19-tunnel-pfs-on,aes256-dh19-tunnel-pfs-on__video_run1.pcap,video_streaming,True,2,2.0,164,126016,164.0,126016.0,768.390243902439,683.4141960332822,124,1500,124.0,0.003990528773676398,0.03490250196942119,0.31669020652770996,0.4634146341463415,0.07745048247841543
aes256-dh19-tunnel-pfs-on,aes256-dh19-tunnel-pfs-on__voip_run1.pcap,voip,True,0,0.0,30,14520,30.0,14520.0,484.0,79.02858496379213,396,604,460.0,0.014077351011078933,0.031676875577413346,0.09188199043273926,0.5,0.5247933884297521
aes256-dh19-tunnel-pfs-on,aes256-dh19-tunnel-pfs-on__web_run1.pcap,web_browsing,True,0,0.0,20,4336,20.0,4336.0,216.8,264.4703943236071,124,988,124.0,0.04309979238008198,0.18692635917394007,0.8150088787078857,0.6,0.3726937269372694
aes256-dh19-tunnel-pfs-on,aes256-dh19-tunnel-pfs-on__web_run1.pcap,web_browsing,True,1,1.0,10,2168,10.0,2168.0,216.8,271.7175003565284,124,988,124.0,0.00020456314086914062,0.0001218386590352176,0.0003490447998046875,0.6,0.3726937269372694
aes256-dh19-tunnel-pfs-on,aes256-dh19-tunnel-pfs-on__web_run1.pcap,web_browsing,True,2,2.0,20,4336,20.0,4336.0,216.8,264.4703943236071,124,988,124.0,0.04252511576602334,0.18453595532786637,0.804563045501709,0.6,0.3726937269372694
aes256-dh19-tunnel-pfs-on,aes256-dh19-tunnel-pfs-on__web_run1.pcap,web_browsing,True,3,3.0,10,2168,10.0,2168.0,216.8,271.7175003565284,124,988,124.0,0.00018644332885742188,8.778240543634012e-05,0.0002779960632324219,0.6,0.3726937269372694
aes256-dh19-tunnel-pfs-on,aes256-dh19-tunnel-pfs-on__web_run1.pcap,web_browsing,True,4,4.0,10,2168,10.0,2168.0,216.8,271.7175003565284,124,988,124.0,0.00017955568101671006,0.00012219844439216875,0.00037789344787597656,0.6,0.3726937269372694
aes256-dh19-tunnel-pfs-on,aes256-dh19-tunnel-pfs-on__web_run1.pcap,web_browsing,True,5,5.0,20,4336,20.0,4336.0,216.8,264.4703943236071,124,988,124.0,0.028301050788477847,0.12253279297548104,0.5342979431152344,0.6,0.3726937269372694
aes256-dh19-tunnel-pfs-on,aes256-dh19-tunnel-pfs-on__web_run1.pcap,web_browsing,True,6,6.0,20,4336,20.0,4336.0,216.8,264.4703943236071,124,988,124.0,0.033803425337138926,0.14645729340594055,0.6385960578918457,0.6,0.3726937269372694
aes256-dh19-tunnel-pfs-on,aes256-dh19-tunnel-pfs-on__web_run1.pcap,web_browsing,True,7,7.0,10,2168,10.0,2168.0,216.8,271.7175003565284,124,988,124.0,0.00018678771124945747,0.00011932874363660182,0.0003821849822998047,0.6,0.3726937269372694
aes256-dh19-tunnel-pfs-on,aes256-dh19-tunnel-pfs-on__web_run1.pcap,web_browsing,True,8,8.0,10,2168,10.0,2168.0,216.8,271.7175003565284,124,988,124.0,0.00019356939527723525,0.00013327382353611777,0.0004258155822753906,0.6,0.3726937269372694
aes256-dh19-tunnel-pfs-on,aes256-dh19-tunnel-pfs-on__web_run1.pcap,web_browsing,True,9,9.0,20,4336,20.0,4336.0,216.8,264.4703943236071,124,988,124.0,0.02174167884023566,0.09390222387188514,0.40950894355773926,0.6,0.3726937269372694
aes256-dh19-tunnel-pfs-on,aes256-dh19-tunnel-pfs-on__web_run1.pcap,web_browsing,True,10,10.0,10,2168,10.0,2168.0,216.8,271.7175003565284,124,988,124.0,0.00019666883680555556,0.00015362671139247718,0.0005102157592773438,0.6,0.3726937269372694
aes256-dh19-tunnel-pfs-on,aes256-dh19-tunnel-pfs-on__web_run1.pcap,web_browsing,True,11,11.0,10,2168,10.0,2168.0,216.8,271.7175003565284,124,988,124.0,0.00022967656453450522,0.00015428514640610687,0.0004341602325439453,0.6,0.3726937269372694
aes256-dh19-tunnel-pfs-on,aes256-dh19-tunnel-pfs-on__web_run1.pcap,web_browsing,True,12,12.0,20,4336,20.0,4336.0,216.8,264.4703943236071,124,988,124.0,0.019373002805207904,0.08374589671380905,0.3652000427246094,0.6,0.3726937269372694
aes256-dh19-tunnel-pfs-on,aes256-dh19-tunnel-pfs-on__web_run1.pcap,web_browsing,True,13,13.0,10,2168,10.0,2168.0,216.8,271.7175003565284,124,988,124.0,0.00017878744337293837,0.00010567380372902276,0.0004010200500488281,0.6,0.3726937269372694
aes256-dh19-tunnel-pfs-on,aes256-dh19-tunnel-pfs-on__web_run1.pcap,web_browsing,True,14,14.0,20,4336,20.0,4336.0,216.8,264.4703943236071,124,988,124.0,0.02798504578439813,0.12117840143278244,0.5283889770507812,0.6,0.3726937269372694
aes256-dh19-tunnel-pfs-on,aes256-dh19-tunnel-pfs-on__web_run1.pcap,web_browsing,True,15,15.0,20,4336,20.0,4336.0,216.8,264.4703943236071,124,988,124.0,0.023335369009720653,0.1008063102020171,0.43961310386657715,0.6,0.3726937269372694
aes256-dh19-tunnel-pfs-on,aes256-dh19-tunnel-pfs-on__web_run1.pcap,web_browsing,True,16,16.0,10,2168,10.0,2168.0,216.8,271.7175003565284,124,988,124.0,0.00015367401970757378,0.00010275703232816775,0.00038504600524902344,0.6,0.3726937269372694
aes256-dh19-tunnel-pfs-on,aes256-dh19-tunnel-pfs-on__web_run1.pcap,web_browsing,True,17,17.0,20,4336,20.0,4336.0,216.8,264.4703943236071,124,988,124.0,0.03562016236154657,0.1544772169730559,0.6735310554504395,0.6,0.3726937269372694
aes256-dh19-tunnel-pfs-on,aes256-dh19-tunnel-pfs-on__web_run1.pcap,web_browsing,True,18,18.0,10,2168,10.0,2168.0,216.8,271.7175003565284,124,988,124.0,0.00020832485622829862,0.00013829987404704412,0.0005190372467041016,0.6,0.3726937269372694
aes256-dh19-tunnel-pfs-on,aes256-dh19-tunnel-pfs-on__web_run1.pcap,web_browsing,True,19,19.0,10,2168,10.0,2168.0,216.8,271.7175003565284,124,988,124.0,0.0002033445570203993,0.00011457386120867865,0.0004749298095703125,0.6,0.3726937269372694
aes256-dh19-tunnel-pfs-on,aes256-dh19-tunnel-pfs-on__web_run1.pcap,web_browsing,True,20,20.0,10,2168,10.0,2168.0,216.8,271.7175003565284,124,988,124.0,0.0001976490020751953,0.0001142130759245378,0.0003788471221923828,0.6,0.3726937269372694
aes256-dh2-transport-pfs-off,aes256-dh2-transport-pfs-off__file_transfer_run1.pcap,file_transfer,True,0,0.0,8664,11210640,8664.0,11210640.0,1293.9335180055402,477.8771318270109,108,1500,1500.0,0.00011542720523866374,0.001994840339333509,0.1640000343322754,0.8770775623268698,0.9892919583538495
aes256-dh2-transport-pfs-off,aes256-dh2-transport-pfs-off__file_transfer_run1.pcap,file_transfer,True,1,1.0,119,138948,119.0,138948.0,1167.6302521008404,580.174840180742,108,1500,1500.0,0.0001278044813770359,0.0003846991757100553,0.0035109519958496094,0.8403361344537815,0.9837349224170193
aes256-dh2-transport-pfs-off,aes256-dh2-transport-pfs-off__icmp_run1.pcap,icmp,True,0,0.0,2,280,2.0,280.0,140.0,0.0,140,140,140.0,0.0004589557647705078,0.0,0.0004589557647705078,0.5,0.5
aes256-dh2-transport-pfs-off,aes256-dh2-transport-pfs-off__icmp_run1.pcap,icmp,True,1,1.0,2,280,2.0,280.0,140.0,0.0,140,140,140.0,0.00031304359436035156,0.0,0.00031304359436035156,0.5,0.5
aes256-dh2-transport-pfs-off,aes256-dh2-transport-pfs-off__icmp_run1.pcap,icmp,True,2,2.0,2,280,2.0,280.0,140.0,0.0,140,140,140.0,0.0001380443572998047,0.0,0.0001380443572998047,0.5,0.5
aes256-dh2-transport-pfs-off,aes256-dh2-transport-pfs-off__icmp_run1.pcap,icmp,True,3,3.0,2,280,2.0,280.0,140.0,0.0,140,140,140.0,0.00020384788513183594,0.0,0.00020384788513183594,0.5,0.5
aes256-dh2-transport-pfs-off,aes256-dh2-transport-pfs-off__icmp_run1.pcap,icmp,True,4,4.0,2,280,2.0,280.0,140.0,0.0,140,140,140.0,0.00034809112548828125,0.0,0.00034809112548828125,0.5,0.5
aes256-dh2-transport-pfs-off,aes256-dh2-transport-pfs-off__icmp_run1.pcap,icmp,True,5,5.0,2,280,2.0,280.0,140.0,0.0,140,140,140.0,0.0015940666198730469,0.0,0.0015940666198730469,0.5,0.5
aes256-dh2-transport-pfs-off,aes256-dh2-transport-pfs-off__icmp_run1.pcap,icmp,True,6,6.0,2,280,2.0,280.0,140.0,0.0,140,140,140.0,0.0002589225769042969,0.0,0.0002589225769042969,0.5,0.5
aes256-dh2-transport-pfs-off,aes256-dh2-transport-pfs-off__icmp_run1.pcap,icmp,True,7,7.0,2,280,2.0,280.0,140.0,0.0,140,140,140.0,0.00026297569274902344,0.0,0.00026297569274902344,0.5,0.5
aes256-dh2-transport-pfs-off,aes256-dh2-transport-pfs-off__icmp_run1.pcap,icmp,True,8,8.0,2,280,2.0,280.0,140.0,0.0,140,140,140.0,0.00016808509826660156,0.0,0.00016808509826660156,0.5,0.5
aes256-dh2-transport-pfs-off,aes256-dh2-transport-pfs-off__icmp_run1.pcap,icmp,True,9,9.0,2,280,2.0,280.0,140.0,0.0,140,140,140.0,0.0001430511474609375,0.0,0.0001430511474609375,0.5,0.5
aes256-dh2-transport-pfs-off,aes256-dh2-transport-pfs-off__video_run1.pcap,video_streaming,True,0,0.0,302,254552,302.0,254552.0,842.8874172185431,691.1601931044478,108,1500,1500.0,0.0032123125272731845,0.03135228628852702,0.31681394577026367,0.4304635761589404,0.057167101417392126
aes256-dh2-transport-pfs-off,aes256-dh2-transport-pfs-off__video_run1.pcap,video_streaming,True,1,1.0,234,195944,234.0,195944.0,837.3675213675214,691.8394043013484,108,1500,1500.0,0.0027554812861102845,0.029116304987259416,0.31517601013183594,0.4358974358974359,0.05834320009798718
aes256-dh2-transport-pfs-off,aes256-dh2-transport-pfs-off__video_run1.pcap,video_streaming,True,2,2.0,191,155348,191.0,155348.0,813.3403141361257,692.8870830752529,108,1500,1180.0,0.003382210982473273,0.03218301278055189,0.31523704528808594,0.44502617801047123,0.061667997013157554
aes256-dh2-transport-pfs-off,aes256-dh2-transport-pfs-off__voip_run1.pcap,voip,True,0,0.0,30,14040,30.0,14040.0,468.0,79.02858496379213,380,588,444.0,0.014057134759837183,0.031601093747269514,0.09183812141418457,0.5,0.5256410256410257
aes256-dh2-transport-pfs-off,aes256-dh2-transport-pfs-off__web_run1.pcap,web_browsing,True,0,0.0,20,3984,20.0,3984.0,199.2,259.55946484278644,108,956,108.0,0.018758108741358706,0.08092348755594568,0.35293006896972656,0.6,0.357429718875502
aes256-dh2-transport-pfs-off,aes256-dh2-transport-pfs-off__web_run1.pcap,web_browsing,True,1,1.0,10,1992,10.0,1992.0,199.2,266.6719999466677,108,956,108.0,0.00023179584079318575,0.00016453774592573635,0.0005700588226318359,0.6,0.357429718875502
aes256-dh2-transport-pfs-off,aes256-dh2-transport-pfs-off__web_run1.pcap,web_browsing,True,2,2.0,10,1992,10.0,1992.0,199.2,266.6719999466677,108,956,108.0,0.00020779503716362847,0.00011445601129783362,0.0003650188446044922,0.6,0.357429718875502
aes256-dh2-transport-pfs-off,aes256-dh2-transport-pfs-off__web_run1.pcap,web_browsing,True,3,3.0,20,3984,20.0,3984.0,199.2,259.55946484278644,108,956,108.0,0.03698726704246119,0.16017600111526537,0.6984310150146484,0.6,0.357429718875502
aes256-dh2-transport-pfs-off,aes256-dh2-transport-pfs-off__web_run1.pcap,web_browsing,True,4,4.0,10,1992,10.0,1992.0,199.2,266.6719999466677,108,956,108.0,0.00040078163146972656,0.0006266763301981989,0.002048969268798828,0.6,0.357429718875502
aes256-dh2-transport-pfs-off,aes256-dh2-transport-pfs-off__web_run1.pcap,web_browsing,True,5,5.0,10,1992,10.0,1992.0,199.2,266.6719999466677,108,956,108.0,0.0004036691453721788,0.000608658017826994,0.001981973648071289,0.6,0.357429718875502
aes256-dh2-transport-pfs-off,aes256-dh2-transport-pfs-off__web_run1.pcap,web_browsing,True,6,6.0,20,3984,20.0,3984.0,199.2,259.55946484278644,108,956,108.0,0.02958804682681435,0.12718799954591048,0.5548019409179688,0.6,0.357429718875502
aes256-dh2-transport-pfs-off,aes256-dh2-transport-pfs-off__web_run1.pcap,web_browsing,True,7,7.0,10,1992,10.0,1992.0,199.2,266.6719999466677,108,956,108.0,0.000274552239312066,0.00023867769201364297,0.0008449554443359375,0.6,0.357429718875502
aes256-dh2-transport-pfs-off,aes256-dh2-transport-pfs-off__web_run1.pcap,web_browsing,True,8,8.0,10,1992,10.0,1992.0,199.2,266.6719999466677,108,956,108.0,0.00019309255811903212,8.638598405803307e-05,0.00032711029052734375,0.6,0.357429718875502
aes256-dh2-transport-pfs-off,aes256-dh2-transport-pfs-off__web_run1.pcap,web_browsing,True,9,9.0,20,3984,20.0,3984.0,199.2,259.55946484278644,108,956,108.0,0.01691059062355443,0.07244424008727009,0.31606197357177734,0.6,0.357429718875502
aes256-dh2-transport-pfs-off,aes256-dh2-transport-pfs-off__web_run1.pcap,web_browsing,True,10,10.0,20,3984,20.0,3984.0,199.2,259.55946484278644,108,956,108.0,0.017136209889462118,0.07340279049580903,0.32024693489074707,0.6,0.357429718875502
aes256-dh2-transport-pfs-off,aes256-dh2-transport-pfs-off__web_run1.pcap,web_browsing,True,11,11.0,10,1992,10.0,1992.0,199.2,266.6719999466677,108,956,108.0,0.00019478797912597656,0.00011822388592484565,0.0004379749298095703,0.6,0.357429718875502
aes256-dh2-transport-pfs-off,aes256-dh2-transport-pfs-off__web_run1.pcap,web_browsing,True,12,12.0,20,3984,20.0,3984.0,199.2,259.55946484278644,108,956,108.0,0.032311163450542246,0.14001435458191963,0.6104979515075684,0.6,0.357429718875502
aes256-dh2-transport-pfs-off,aes256-dh2-transport-pfs-off__web_run1.pcap,web_browsing,True,13,13.0,20,3984,20.0,3984.0,199.2,259.55946484278644,108,956,108.0,0.024473365984464947,0.10537120788945502,0.4595980644226074,0.6,0.357429718875502
aes256-dh2-transport-pfs-off,aes256-dh2-transport-pfs-off__web_run1.pcap,web_browsing,True,14,14.0,10,1992,10.0,1992.0,199.2,266.6719999466677,108,956,108.0,0.00041111310323079425,0.0006068333048144596,0.0019979476928710938,0.6,0.357429718875502
aes256-dh2-transport-pfs-off,aes256-dh2-transport-pfs-off__web_run1.pcap,web_browsing,True,15,15.0,10,1992,10.0,1992.0,199.2,266.6719999466677,108,956,108.0,0.00022755728827582466,0.00011003224787762028,0.0004279613494873047,0.6,0.357429718875502
aes256-dh2-transport-pfs-off,aes256-dh2-transport-pfs-off__web_run1.pcap,web_browsing,True,16,16.0,20,3984,20.0,3984.0,199.2,259.55946484278644,108,956,108.0,0.030291582408704255,0.1306678013037686,0.5698790550231934,0.6,0.357429718875502
aes256-dh2-transport-pfs-off,aes256-dh2-transport-pfs-off__web_run1.pcap,web_browsing,True,17,17.0,10,1992,10.0,1992.0,199.2,266.6719999466677,108,956,108.0,0.0002621014912923177,0.00014452109491091357,0.0005271434783935547,0.6,0.357429718875502
aes256-dh2-transport-pfs-off,aes256-dh2-transport-pfs-off__web_run1.pcap,web_browsing,True,18,18.0,10,1992,10.0,1992.0,199.2,266.6719999466677,108,956,108.0,0.00020710627237955728,9.732005757894397e-05,0.00037288665771484375,0.6,0.357429718875502
aes256-dh2-transport-pfs-off,aes256-dh2-transport-pfs-off__web_run1.pcap,web_browsing,True,19,19.0,10,1992,10.0,1992.0,199.2,266.6719999466677,108,956,108.0,0.0003972318437364366,0.0006451167569183046,0.0020990371704101562,0.6,0.357429718875502
aes256-dh2-transport-pfs-off,aes256-dh2-transport-pfs-off__web_run1.pcap,web_browsing,True,20,20.0,20,3984,20.0,3984.0,199.2,259.55946484278644,108,956,108.0,0.03337341860720986,0.14364253803749816,0.6265370845794678,0.6,0.357429718875502
aes256-dh2-transport-pfs-on,aes256-dh2-transport-pfs-on__file_transfer_run1.pcap,file_transfer,True,0,0.0,8463,11043716,8463.0,11043716.0,1304.9410374571664,471.0892001068398,108,1500,1500.0,0.00011817289283444092,0.002006231612982337,0.16055703163146973,0.8780574264445232,0.9894296448767788
aes256-dh2-transport-pfs-on,aes256-dh2-transport-pfs-on__file_transfer_run1.pcap,file_transfer,True,1,1.0,288,376240,288.0,376240.0,1306.388888888889,463.18523188879425,108,1500,1500.0,7.989514580171698e-05,0.00023046681293135816,0.003164052963256836,0.9097222222222222,0.9918987880076547
aes256-dh2-transport-pfs-on,aes256-dh2-transport-pfs-on__icmp_run1.pcap,icmp,True,0,0.0,2,280,2.0,280.0,140.0,0.0,140,140,140.0,0.0003268718719482422,0.0,0.0003268718719482422,0.5,0.5
aes256-dh2-transport-pfs-on,aes256-dh2-transport-pfs-on__icmp_run1.pcap,icmp,True,1,1.0,2,280,2.0,280.0,140.0,0.0,140,140,140.0,0.00024700164794921875,0.0,0.00024700164794921875,0.5,0.5
aes256-dh2-transport-pfs-on,aes256-dh2-transport-pfs-on__icmp_run1.pcap,icmp,True,2,2.0,2,280,2.0,280.0,140.0,0.0,140,140,140.0,0.00019788742065429688,0.0,0.00019788742065429688,0.5,0.5
aes256-dh2-transport-pfs-on,aes256-dh2-transport-pfs-on__icmp_run1.pcap,icmp,True,3,3.0,2,280,2.0,280.0,140.0,0.0,140,140,140.0,0.00023794174194335938,0.0,0.00023794174194335938,0.5,0.5
aes256-dh2-transport-pfs-on,aes256-dh2-transport-pfs-on__icmp_run1.pcap,icmp,True,4,4.0,2,280,2.0,280.0,140.0,0.0,140,140,140.0,0.0002570152282714844,0.0,0.0002570152282714844,0.5,0.5
aes256-dh2-transport-pfs-on,aes256-dh2-transport-pfs-on__icmp_run1.pcap,icmp,True,5,5.0,2,280,2.0,280.0,140.0,0.0,140,140,140.0,0.0002300739288330078,0.0,0.0002300739288330078,0.5,0.5
aes256-dh2-transport-pfs-on,aes256-dh2-transport-pfs-on__icmp_run1.pcap,icmp,True,6,6.0,2,280,2.0,280.0,140.0,0.0,140,140,140.0,0.0001881122589111328,0.0,0.0001881122589111328,0.5,0.5
aes256-dh2-transport-pfs-on,aes256-dh2-transport-pfs-on__icmp_run1.pcap,icmp,True,7,7.0,2,280,2.0,280.0,140.0,0.0,140,140,140.0,0.00013899803161621094,0.0,0.00013899803161621094,0.5,0.5
aes256-dh2-transport-pfs-on,aes256-dh2-transport-pfs-on__icmp_run1.pcap,icmp,True,8,8.0,2,280,2.0,280.0,140.0,0.0,140,140,140.0,0.00022602081298828125,0.0,0.00022602081298828125,0.5,0.5
aes256-dh2-transport-pfs-on,aes256-dh2-transport-pfs-on__icmp_run1.pcap,icmp,True,9,9.0,2,280,2.0,280.0,140.0,0.0,140,140,140.0,0.0003459453582763672,0.0,0.0003459453582763672,0.5,0.5
aes256-dh2-transport-pfs-on,aes256-dh2-transport-pfs-on__video_run1.pcap,video_streaming,True,0,0.0,318,271640,318.0,271640.0,854.2138364779875,690.4666584967338,108,1500,1500.0,0.003056198264522131,0.03070192741500245,0.3179280757904053,0.42452830188679247,0.05573553232219113
aes256-dh2-transport-pfs-on,aes256-dh2-transport-pfs-on__video_run1.pcap,video_streaming,True,1,1.0,221,187500,221.0,187500.0,848.4162895927602,691.3778920038048,108,1500,1500.0,0.002950349721041593,0.030168897813382736,0.3179030418395996,0.4253393665158371,0.055936
aes256-dh2-transport-pfs-on,aes256-dh2-transport-pfs-on__video_run1.pcap,video_streaming,True,2,2.0,196,160096,196.0,160096.0,816.8163265306123,692.7466454693234,108,1500,1308.0,0.0033089943421192656,0.03190897839140677,0.3164951801300049,0.44387755102040816,0.061388167099740154
aes256-dh2-transport-pfs-on,aes256-dh2-transport-pfs-on__voip_run1.pcap,voip,True,0,0.0,30,14040,30.0,14040.0,468.0,79.02858496379213,380,588,444.0,0.014077482552363955,0.031742186035030685,0.09241795539855957,0.5,0.5256410256410257
aes256-dh2-transport-pfs-on,aes256-dh2-transport-pfs-on__web_run1.pcap,web_browsing,True,0,0.0,20,3984,20.0,3984.0,199.2,259.55946484278644,108,956,108.0,0.03229816336380808,0.1387633190542713,0.6053130626678467,0.6,0.357429718875502
aes256-dh2-transport-pfs-on,aes256-dh2-transport-pfs-on__web_run1.pcap,web_browsing,True,1,1.0,20,3984,20.0,3984.0,199.2,259.55946484278644,108,956,108.0,0.01973632762306615,0.08443562721358966,0.368405818939209,0.6,0.357429718875502
aes256-dh2-transport-pfs-on,aes256-dh2-transport-pfs-on__web_run1.pcap,web_browsing,True,2,2.0,10,1992,10.0,1992.0,199.2,266.6719999466677,108,956,108.0,0.0004172325134277344,0.0006172283925855762,0.0020380020141601562,0.6,0.357429718875502
aes256-dh2-transport-pfs-on,aes256-dh2-transport-pfs-on__web_run1.pcap,web_browsing,True,3,3.0,10,1992,10.0,1992.0,199.2,266.6719999466677,108,956,108.0,0.0003971258799235026,0.0006515425897731685,0.0021071434020996094,0.6,0.357429718875502
aes256-dh2-transport-pfs-on,aes256-dh2-transport-pfs-on__web_run1.pcap,web_browsing,True,4,4.0,20,3984,20.0,3984.0,199.2,259.55946484278644,108,956,108.0,0.03627652870981317,0.1571544742717121,0.6852431297302246,0.6,0.357429718875502
aes256-dh2-transport-pfs-on,aes256-dh2-transport-pfs-on__web_run1.pcap,web_browsing,True,5,5.0,10,1992,10.0,1992.0,199.2,266.6719999466677,108,956,108.0,0.00021145078870985244,9.581820263737834e-05,0.00042700767517089844,0.6,0.357429718875502
aes256-dh2-transport-pfs-on,aes256-dh2-transport-pfs-on__web_run1.pcap,web_browsing,True,6,6.0,20,3984,20.0,3984.0,199.2,259.55946484278644,108,956,108.0,0.032879151796039785,0.14124388431163537,0.6161367893218994,0.6,0.357429718875502
aes256-dh2-transport-pfs-on,aes256-dh2-transport-pfs-on__web_run1.pcap,web_browsing,True,7,7.0,10,1992,10.0,1992.0,199.2,266.6719999466677,108,956,108.0,0.00020832485622829862,0.00010374535773402234,0.00039887428283691406,0.6,0.357429718875502
aes256-dh2-transport-pfs-on,aes256-dh2-transport-pfs-on__web_run1.pcap,web_browsing,True,8,8.0,10,1992,10.0,1992.0,199.2,266.6719999466677,108,956,108.0,0.0002193450927734375,0.00015511116791756816,0.0005660057067871094,0.6,0.357429718875502
aes256-dh2-transport-pfs-on,aes256-dh2-transport-pfs-on__web_run1.pcap,web_browsing,True,9,9.0,20,3984,20.0,3984.0,199.2,259.55946484278644,108,956,108.0,0.04323032027796695,0.1867098633185207,0.8142421245574951,0.6,0.357429718875502
aes256-dh2-transport-pfs-on,aes256-dh2-transport-pfs-on__web_run1.pcap,web_browsing,True,10,10.0,20,3984,20.0,3984.0,199.2,259.55946484278644,108,956,108.0,0.02621963149622867,0.11247423903138896,0.4906740188598633,0.6,0.357429718875502
aes256-dh2-transport-pfs-on,aes256-dh2-transport-pfs-on__web_run1.pcap,web_browsing,True,11,11.0,10,1992,10.0,1992.0,199.2,266.6719999466677,108,956,108.0,0.00022689501444498697,0.00018550309957450942,0.00067901611328125,0.6,0.357429718875502
aes256-dh2-transport-pfs-on,aes256-dh2-transport-pfs-on__web_run1.pcap,web_browsing,True,12,12.0,20,3984,20.0,3984.0,199.2,259.55946484278644,108,956,108.0,0.02869230822512978,0.12413393001060159,0.5413010120391846,0.6,0.357429718875502
aes256-dh2-transport-pfs-on,aes256-dh2-transport-pfs-on__web_run1.pcap,web_browsing,True,13,13.0,20,3984,20.0,3984.0,199.2,259.55946484278644,108,956,108.0,0.0354791565945274,0.15327801824630216,0.66843581199646,0.6,0.357429718875502
aes256-dh2-transport-pfs-on,aes256-dh2-transport-pfs-on__web_run1.pcap,web_browsing,True,14,14.0,20,3984,20.0,3984.0,199.2,259.55946484278644,108,956,108.0,0.03838920593261719,0.16602813080752113,0.7239978313446045,0.6,0.357429718875502
aes256-dh2-transport-pfs-on,aes256-dh2-transport-pfs-on__web_run1.pcap,web_browsing,True,15,15.0,10,1992,10.0,1992.0,199.2,266.6719999466677,108,956,108.0,0.00019711918301052519,9.227328643964075e-05,0.00038504600524902344,0.6,0.357429718875502
aes256-dh2-transport-pfs-on,aes256-dh2-transport-pfs-on__web_run1.pcap,web_browsing,True,16,16.0,10,1992,10.0,1992.0,199.2,266.6719999466677,108,956,108.0,0.000444332758585612,0.0006423513671138817,0.002131223678588867,0.6,0.357429718875502
aes256-dh2-transport-pfs-on,aes256-dh2-transport-pfs-on__web_run1.pcap,web_browsing,True,17,17.0,20,3984,20.0,3984.0,199.2,259.55946484278644,108,956,108.0,0.02829668396397641,0.12146726650541644,0.5298871994018555,0.6,0.357429718875502
aes256-dh2-transport-pfs-on,aes256-dh2-transport-pfs-on__web_run1.pcap,web_browsing,True,18,18.0,10,1992,10.0,1992.0,199.2,266.6719999466677,108,956,108.0,0.0002002186245388455,0.00016391480088183828,0.0005710124969482422,0.6,0.357429718875502
aes256-dh2-transport-pfs-on,aes256-dh2-transport-pfs-on__web_run1.pcap,web_browsing,True,19,19.0,10,1992,10.0,1992.0,199.2,266.6719999466677,108,956,108.0,0.0002033180660671658,0.00011234814827928467,0.0003998279571533203,0.6,0.357429718875502
aes256-dh2-tunnel-pfs-off,aes256-dh2-tunnel-pfs-off__file_transfer_run1.pcap,file_transfer,True,0,0.0,10152,10789056,10152.0,10789056.0,1062.7517730496454,630.9226365489117,124,1500,1500.0,9.85100191574991e-05,0.0010837949762098696,0.0610809326171875,0.6927698975571316,0.9636961750870512
aes256-dh2-tunnel-pfs-off,aes256-dh2-tunnel-pfs-off__file_transfer_run1.pcap,file_transfer,True,1,1.0,944,1018720,944.0,1018720.0,1079.1525423728813,623.9352500206603,124,1500,1500.0,7.52608824130207e-05,0.0001652188371306806,0.0038139820098876953,0.7097457627118644,0.9662713994031726
aes256-dh2-tunnel-pfs-off,aes256-dh2-tunnel-pfs-off__icmp_run1.pcap,icmp,True,0,0.0,2,312,2.0,312.0,156.0,0.0,156,156,156.0,0.00012803077697753906,0.0,0.00012803077697753906,0.5,0.5
aes256-dh2-tunnel-pfs-off,aes256-dh2-tunnel-pfs-off__icmp_run1.pcap,icmp,True,1,1.0,2,312,2.0,312.0,156.0,0.0,156,156,156.0,0.00023484230041503906,0.0,0.00023484230041503906,0.5,0.5
aes256-dh2-tunnel-pfs-off,aes256-dh2-tunnel-pfs-off__icmp_run1.pcap,icmp,True,2,2.0,2,312,2.0,312.0,156.0,0.0,156,156,156.0,0.00013685226440429688,0.0,0.00013685226440429688,0.5,0.5
aes256-dh2-tunnel-pfs-off,aes256-dh2-tunnel-pfs-off__icmp_run1.pcap,icmp,True,3,3.0,2,312,2.0,312.0,156.0,0.0,156,156,156.0,0.0002288818359375,0.0,0.0002288818359375,0.5,0.5
aes256-dh2-tunnel-pfs-off,aes256-dh2-tunnel-pfs-off__icmp_run1.pcap,icmp,True,4,4.0,2,312,2.0,312.0,156.0,0.0,156,156,156.0,0.00011992454528808594,0.0,0.00011992454528808594,0.5,0.5
aes256-dh2-tunnel-pfs-off,aes256-dh2-tunnel-pfs-off__icmp_run1.pcap,icmp,True,5,5.0,2,312,2.0,312.0,156.0,0.0,156,156,156.0,0.0001671314239501953,0.0,0.0001671314239501953,0.5,0.5
aes256-dh2-tunnel-pfs-off,aes256-dh2-tunnel-pfs-off__icmp_run1.pcap,icmp,True,6,6.0,2,312,2.0,312.0,156.0,0.0,156,156,156.0,0.00011205673217773438,0.0,0.00011205673217773438,0.5,0.5
aes256-dh2-tunnel-pfs-off,aes256-dh2-tunnel-pfs-off__icmp_run1.pcap,icmp,True,7,7.0,2,312,2.0,312.0,156.0,0.0,156,156,156.0,0.00016307830810546875,0.0,0.00016307830810546875,0.5,0.5
aes256-dh2-tunnel-pfs-off,aes256-dh2-tunnel-pfs-off__icmp_run1.pcap,icmp,True,8,8.0,2,312,2.0,312.0,156.0,0.0,156,156,156.0,9.393692016601562e-05,0.0,9.393692016601562e-05,0.5,0.5
aes256-dh2-tunnel-pfs-off,aes256-dh2-tunnel-pfs-off__icmp_run1.pcap,icmp,True,9,9.0,2,312,2.0,312.0,156.0,0.0,156,156,156.0,0.00021219253540039062,0.0,0.00021219253540039062,0.5,0.5
aes256-dh2-tunnel-pfs-off,aes256-dh2-tunnel-pfs-off__video_run1.pcap,video_streaming,True,0,0.0,300,237328,300.0,237328.0,791.0933333333334,683.7387123099436,124,1500,236.0,0.0032713843827263567,0.03157147404584054,0.3164670467376709,0.4666666666666667,0.07503539405379896
aes256-dh2-tunnel-pfs-off,aes256-dh2-tunnel-pfs-off__video_run1.pcap,video_streaming,True,1,1.0,222,177624,222.0,177624.0,800.1081081081081,684.2887293992426,124,1500,372.0,0.002977932200712316,0.03007381956370856,0.31737589836120605,0.4594594594594595,0.07309822996892312
aes256-dh2-tunnel-pfs-off,aes256-dh2-tunnel-pfs-off__video_run1.pcap,video_streaming,True,2,2.0,166,126264,166.0,126264.0,760.6265060240963,682.9101313757154,124,1500,124.0,0.0039460976918538416,0.034758948719050026,0.31702685356140137,0.46987951807228917,0.07926249762402585
aes256-dh2-tunnel-pfs-off,aes256-dh2-tunnel-pfs-off__voip_run1.pcap,voip,True,0,0.0,30,14600,30.0,14600.0,486.6666666666667,83.33287356195005,396,620,460.0,0.01392200075346848,0.031777982646783026,0.09246182441711426,0.5,0.5273972602739726
aes256-dh2-tunnel-pfs-off,aes256-dh2-tunnel-pfs-off__web_run1.pcap,web_browsing,True,0,0.0,20,4336,20.0,4336.0,216.8,264.4703943236071,124,988,124.0,0.038974096900538394,0.16911707095150463,0.737339973449707,0.6,0.3726937269372694
aes256-dh2-tunnel-pfs-off,aes256-dh2-tunnel-pfs-off__web_run1.pcap,web_browsing,True,1,1.0,20,4336,20.0,4336.0,216.8,264.4703943236071,124,988,124.0,0.02026694699337608,0.08751176963141868,0.38164496421813965,0.6,0.3726937269372694
aes256-dh2-tunnel-pfs-off,aes256-dh2-tunnel-pfs-off__web_run1.pcap,web_browsing,True,2,2.0,10,2168,10.0,2168.0,216.8,271.7175003565284,124,988,124.0,0.00019499990675184462,0.0001023211911271808,0.00033402442932128906,0.6,0.3726937269372694
aes256-dh2-tunnel-pfs-off,aes256-dh2-tunnel-pfs-off__web_run1.pcap,web_browsing,True,3,3.0,30,6504,30.0,6504.0,216.8,262.18056426032433,124,988,124.0,0.032069650189629914,0.11959010988787706,0.49671316146850586,0.6,0.3726937269372694
aes256-dh2-tunnel-pfs-off,aes256-dh2-tunnel-pfs-off__web_run1.pcap,web_browsing,True,4,4.0,20,4336,20.0,4336.0,216.8,264.4703943236071,124,988,124.0,0.01753227334273489,0.07549566274894921,0.32928991317749023,0.6,0.3726937269372694
aes256-dh2-tunnel-pfs-off,aes256-dh2-tunnel-pfs-off__web_run1.pcap,web_browsing,True,5,5.0,20,4336,20.0,4336.0,216.8,264.4703943236071,124,988,124.0,0.018355369567871094,0.07912781698535648,0.3451118469238281,0.6,0.3726937269372694
aes256-dh2-tunnel-pfs-off,aes256-dh2-tunnel-pfs-off__web_run1.pcap,web_browsing,True,6,6.0,20,4336,20.0,4336.0,216.8,264.4703943236071,124,988,124.0,0.03636453026219418,0.15767894292154663,0.6874969005584717,0.6,0.3726937269372694
aes256-dh2-tunnel-pfs-off,aes256-dh2-tunnel-pfs-off__web_run1.pcap,web_browsing,True,7,7.0,20,4336,20.0,4336.0,216.8,264.4703943236071,124,988,124.0,0.021377161929481907,0.09243967832695811,0.4031050205230713,0.6,0.3726937269372694
aes256-dh2-tunnel-pfs-off,aes256-dh2-tunnel-pfs-off__web_run1.pcap,web_browsing,True,8,8.0,10,2168,10.0,2168.0,216.8,271.7175003565284,124,988,124.0,0.00016911824544270834,9.886569083904664e-05,0.0003371238708496094,0.6,0.3726937269372694
aes256-dh2-tunnel-pfs-off,aes256-dh2-tunnel-pfs-off__web_run1.pcap,web_browsing,True,9,9.0,10,2168,10.0,2168.0,216.8,271.7175003565284,124,988,124.0,0.00017499923706054688,0.00010032479865774595,0.00038814544677734375,0.6,0.3726937269372694
aes256-dh2-tunnel-pfs-off,aes256-dh2-tunnel-pfs-off__web_run1.pcap,web_browsing,True,10,10.0,20,4336,20.0,4336.0,216.8,264.4703943236071,124,988,124.0,0.034110847272370994,0.1478699163565074,0.6447370052337646,0.6,0.3726937269372694
aes256-dh2-tunnel-pfs-off,aes256-dh2-tunnel-pfs-off__web_run1.pcap,web_browsing,True,11,11.0,10,2168,10.0,2168.0,216.8,271.7175003565284,124,988,124.0,0.0002017815907796224,0.0001568104297294017,0.0006008148193359375,0.6,0.3726937269372694
aes256-dh2-tunnel-pfs-off,aes256-dh2-tunnel-pfs-off__web_run1.pcap,web_browsing,True,12,12.0,20,4336,20.0,4336.0,216.8,264.4703943236071,124,988,124.0,0.03331721456427323,0.14434565586889103,0.6293900012969971,0.6,0.3726937269372694
aes256-dh2-tunnel-pfs-off,aes256-dh2-tunnel-pfs-off__web_run1.pcap,web_browsing,True,13,13.0,10,2168,10.0,2168.0,216.8,271.7175003565284,124,988,124.0,0.00017942322625054253,0.00010033599613172793,0.0003409385681152344,0.6,0.3726937269372694
aes256-dh2-tunnel-pfs-off,aes256-dh2-tunnel-pfs-off__web_run1.pcap,web_browsing,True,14,14.0,20,4336,20.0,4336.0,216.8,264.4703943236071,124,988,124.0,0.020035944486919203,0.08649934500507125,0.37723302841186523,0.6,0.3726937269372694
aes256-dh2-tunnel-pfs-off,aes256-dh2-tunnel-pfs-off__web_run1.pcap,web_browsing,True,15,15.0,20,4336,20.0,4336.0,216.8,264.4703943236071,124,988,124.0,0.02081968909815738,0.08997021908596424,0.3923499584197998,0.6,0.3726937269372694
aes256-dh2-tunnel-pfs-off,aes256-dh2-tunnel-pfs-off__web_run1.pcap,web_browsing,True,16,16.0,20,4336,20.0,4336.0,216.8,264.4703943236071,124,988,124.0,0.03244373672886899,0.14055210500206328,0.6128511428833008,0.6,0.3726937269372694
aes256-dh2-tunnel-pfs-on,aes256-dh2-tunnel-pfs-on__file_transfer_run1.pcap,file_transfer,True,0,0.0,10680,11756112,10680.0,11756112.0,1100.7595505617978,614.2977013920529,124,1500,1500.0,4.9531119337956194e-05,0.0007545661050009777,0.04395008087158203,0.7210674157303371,0.9681265370728009
aes256-dh2-tunnel-pfs-on,aes256-dh2-tunnel-pfs-on__icmp_run1.pcap,icmp,True,0,0.0,2,312,2.0,312.0,156.0,0.0,156,156,156.0,6.508827209472656e-05,0.0,6.508827209472656e-05,0.5,0.5
aes256-dh2-tunnel-pfs-on,aes256-dh2-tunnel-pfs-on__icmp_run1.pcap,icmp,True,1,1.0,2,312,2.0,312.0,156.0,0.0,156,156,156.0,7.295608520507812e-05,0.0,7.295608520507812e-05,0.5,0.5
aes256-dh2-tunnel-pfs-on,aes256-dh2-tunnel-pfs-on__icmp_run1.pcap,icmp,True,2,2.0,2,312,2.0,312.0,156.0,0.0,156,156,156.0,6.699562072753906e-05,0.0,6.699562072753906e-05,0.5,0.5
aes256-dh2-tunnel-pfs-on,aes256-dh2-tunnel-pfs-on__icmp_run1.pcap,icmp,True,3,3.0,2,312,2.0,312.0,156.0,0.0,156,156,156.0,7.605552673339844e-05,0.0,7.605552673339844e-05,0.5,0.5
aes256-dh2-tunnel-pfs-on,aes256-dh2-tunnel-pfs-on__icmp_run1.pcap,icmp,True,4,4.0,2,312,2.0,312.0,156.0,0.0,156,156,156.0,7.605552673339844e-05,0.0,7.605552673339844e-05,0.5,0.5
aes256-dh2-tunnel-pfs-on,aes256-dh2-tunnel-pfs-on__icmp_run1.pcap,icmp,True,5,5.0,2,312,2.0,312.0,156.0,0.0,156,156,156.0,6.794929504394531e-05,0.0,6.794929504394531e-05,0.5,0.5
aes256-dh2-tunnel-pfs-on,aes256-dh2-tunnel-pfs-on__icmp_run1.pcap,icmp,True,6,6.0,2,312,2.0,312.0,156.0,0.0,156,156,156.0,0.0001850128173828125,0.0,0.0001850128173828125,0.5,0.5
aes256-dh2-tunnel-pfs-on,aes256-dh2-tunnel-pfs-on__icmp_run1.pcap,icmp,True,7,7.0,2,312,2.0,312.0,156.0,0.0,156,156,156.0,6.794929504394531e-05,0.0,6.794929504394531e-05,0.5,0.5
aes256-dh2-tunnel-pfs-on,aes256-dh2-tunnel-pfs-on__icmp_run1.pcap,icmp,True,8,8.0,2,312,2.0,312.0,156.0,0.0,156,156,156.0,0.00040411949157714844,0.0,0.00040411949157714844,0.5,0.5
aes256-dh2-tunnel-pfs-on,aes256-dh2-tunnel-pfs-on__icmp_run1.pcap,icmp,True,9,9.0,2,312,2.0,312.0,156.0,0.0,156,156,156.0,6.914138793945312e-05,0.0,6.914138793945312e-05,0.5,0.5
aes256-dh2-tunnel-pfs-on,aes256-dh2-tunnel-pfs-on__video_run1.pcap,video_streaming,True,0,0.0,299,237204,299.0,237204.0,793.3244147157191,683.7902351431243,124,1500,236.0,0.0031439497966894367,0.030788861867363577,0.3082568645477295,0.46488294314381273,0.07455186253182915
aes256-dh2-tunnel-pfs-on,aes256-dh2-tunnel-pfs-on__video_run1.pcap,video_streaming,True,1,1.0,222,177624,222.0,177624.0,800.1081081081081,684.2887293992426,124,1500,372.0,0.002827629244705131,0.029199272545190655,0.3080580234527588,0.4594594594594595,0.07309822996892312
aes256-dh2-tunnel-pfs-on,aes256-dh2-tunnel-pfs-on__video_run1.pcap,video_streaming,True,2,2.0,166,126264,166.0,126264.0,760.6265060240963,682.9101313757154,124,1500,124.0,0.0038010900670831854,0.03397502336802814,0.310222864151001,0.46987951807228917,0.07926249762402585
aes256-dh2-tunnel-pfs-on,aes256-dh2-tunnel-pfs-on__voip_run1.pcap,voip,True,0,0.0,30,14600,30.0,14600.0,486.6666666666667,83.33287356195005,396,620,460.0,0.01406852130232186,0.03177340626583058,0.09241390228271484,0.5,0.5273972602739726
aes256-dh2-tunnel-pfs-on,aes256-dh2-tunnel-pfs-on__web_run1.pcap,web_browsing,True,0,0.0,20,4336,20.0,4336.0,216.8,264.4703943236071,124,988,124.0,0.04424983576724404,0.19254737500314387,0.8393709659576416,0.6,0.3726937269372694
aes256-dh2-tunnel-pfs-on,aes256-dh2-tunnel-pfs-on__web_run1.pcap,web_browsing,True,1,1.0,20,4336,20.0,4336.0,216.8,264.4703943236071,124,988,124.0,0.01847210683320698,0.08016332998173008,0.3495051860809326,0.6,0.3726937269372694
aes256-dh2-tunnel-pfs-on,aes256-dh2-tunnel-pfs-on__web_run1.pcap,web_browsing,True,2,2.0,20,4336,20.0,4336.0,216.8,264.4703943236071,124,988,124.0,0.024881011561343546,0.10810672097753601,0.47130584716796875,0.6,0.3726937269372694
aes256-dh2-tunnel-pfs-on,aes256-dh2-tunnel-pfs-on__web_run1.pcap,web_browsing,True,3,3.0,10,2168,10.0,2168.0,216.8,271.7175003565284,124,988,124.0,8.16716088189019e-05,4.036869261506554e-05,0.0001690387725830078,0.6,0.3726937269372694
aes256-dh2-tunnel-pfs-on,aes256-dh2-tunnel-pfs-on__web_run1.pcap,web_browsing,True,4,4.0,30,6504,30.0,6504.0,216.8,262.18056426032433,124,988,124.0,0.02934361326283422,0.10992551612541546,0.4635648727416992,0.6,0.3726937269372694
aes256-dh2-tunnel-pfs-on,aes256-dh2-tunnel-pfs-on__web_run1.pcap,web_browsing,True,5,5.0,10,2168,10.0,2168.0,216.8,271.7175003565284,124,988,124.0,7.189644707573784e-05,4.899735443884637e-05,0.00017786026000976562,0.6,0.3726937269372694
aes256-dh2-tunnel-pfs-on,aes256-dh2-tunnel-pfs-on__web_run1.pcap,web_browsing,True,6,6.0,20,4336,20.0,4336.0,216.8,264.4703943236071,124,988,124.0,0.045622474268863074,0.19850147429859438,0.8653309345245361,0.6,0.3726937269372694
aes256-dh2-tunnel-pfs-on,aes256-dh2-tunnel-pfs-on__web_run1.pcap,web_browsing,True,7,7.0,20,4336,20.0,4336.0,216.8,264.4703943236071,124,988,124.0,0.019538515492489462,0.08477712251567604,0.36962413787841797,0.6,0.3726937269372694
aes256-dh2-tunnel-pfs-on,aes256-dh2-tunnel-pfs-on__web_run1.pcap,web_browsing,True,8,8.0,20,4336,20.0,4336.0,216.8,264.4703943236071,124,988,124.0,0.03628984250520405,0.15780917391736263,0.687960147857666,0.6,0.3726937269372694
aes256-dh2-tunnel-pfs-on,aes256-dh2-tunnel-pfs-on__web_run1.pcap,web_browsing,True,9,9.0,20,4336,20.0,4336.0,216.8,264.4703943236071,124,988,124.0,0.019066998833104185,0.08276726210897778,0.3608529567718506,0.6,0.3726937269372694
aes256-dh2-tunnel-pfs-on,aes256-dh2-tunnel-pfs-on__web_run1.pcap,web_browsing,True,10,10.0,20,4336,20.0,4336.0,216.8,264.4703943236071,124,988,124.0,0.019794062564247532,0.08594320832020469,0.3746950626373291,0.6,0.3726937269372694
aes256-dh2-tunnel-pfs-on,aes256-dh2-tunnel-pfs-on__web_run1.pcap,web_browsing,True,11,11.0,20,4336,20.0,4336.0,216.8,264.4703943236071,124,988,124.0,0.022379837538066664,0.0972119779245802,0.4238150119781494,0.6,0.3726937269372694
aes256-dh2-tunnel-pfs-on,aes256-dh2-tunnel-pfs-on__web_run1.pcap,web_browsing,True,12,12.0,20,4336,20.0,4336.0,216.8,264.4703943236071,124,988,124.0,0.024406633879009047,0.10603462152691848,0.46227478981018066,0.6,0.3726937269372694
aes256-dh2-tunnel-pfs-on,aes256-dh2-tunnel-pfs-on__web_run1.pcap,web_browsing,True,13,13.0,10,2168,10.0,2168.0,216.8,271.7175003565284,124,988,124.0,8.254581027560764e-05,4.8342678168585164e-05,0.0001690387725830078,0.6,0.3726937269372694
aes256-dh2-tunnel-pfs-on,aes256-dh2-tunnel-pfs-on__web_run1.pcap,web_browsing,True,14,14.0,10,2168,10.0,2168.0,216.8,271.7175003565284,124,988,124.0,7.777743869357639e-05,5.303939706910019e-05,0.00019812583923339844,0.6,0.3726937269372694
aes256-dh2-tunnel-pfs-on,aes256-dh2-tunnel-pfs-on__web_run1.pcap,web_browsing,True,15,15.0,10,2168,10.0,2168.0,216.8,271.7175003565284,124,988,124.0,8.079740736219619e-05,5.388714082905472e-05,0.00020003318786621094,0.6,0.3726937269372694
aes256-dh2-tunnel-pfs-on,aes256-dh2-tunnel-pfs-on__web_run1.pcap,web_browsing,True,16,16.0,20,4336,20.0,4336.0,216.8,264.4703943236071,124,988,124.0,0.031872573651765525,0.13858188631273524,0.6041440963745117,0.6,0.3726937269372694
